-- phpMyAdmin SQL Dump
-- version 5.0.2
-- https://www.phpmyadmin.net/
--
-- Host: 127.0.0.1
-- Generation Time: Nov 19, 2020 at 06:43 PM
-- Server version: 10.4.14-MariaDB
-- PHP Version: 7.4.10

SET SQL_MODE = "NO_AUTO_VALUE_ON_ZERO";
START TRANSACTION;
SET time_zone = "+00:00";


/*!40101 SET @OLD_CHARACTER_SET_CLIENT=@@CHARACTER_SET_CLIENT */;
/*!40101 SET @OLD_CHARACTER_SET_RESULTS=@@CHARACTER_SET_RESULTS */;
/*!40101 SET @OLD_COLLATION_CONNECTION=@@COLLATION_CONNECTION */;
/*!40101 SET NAMES utf8mb4 */;

--
-- Database: `antar_galon`
--

-- --------------------------------------------------------

--
-- Table structure for table `agen_elpiji`
--

CREATE TABLE `agen_elpiji` (
  `id` int(11) NOT NULL,
  `id_kota` int(11) NOT NULL,
  `nama` varchar(50) NOT NULL,
  `alamat` text NOT NULL,
  `whatsapp` char(14) NOT NULL,
  `bank` varchar(30) NOT NULL,
  `ac` varchar(30) NOT NULL
) ENGINE=InnoDB DEFAULT CHARSET=utf8mb4;

--
-- Dumping data for table `agen_elpiji`
--

INSERT INTO `agen_elpiji` (`id`, `id_kota`, `nama`, `alamat`, `whatsapp`, `bank`, `ac`) VALUES
(1, 3, 'Test Agen Elpiji Edit', 'Test Agen Elpiji Edit', '098789878', 'BJB', '192398198491828'),
(0, 0, ' PT. Graha Patra Saribumi', 'Jl. Wirajaya II Siring Agung', '0852325242561', 'BRI', '7685451');

-- --------------------------------------------------------

--
-- Table structure for table `agen_galon`
--

CREATE TABLE `agen_galon` (
  `id` int(11) NOT NULL,
  `id_kota` int(11) NOT NULL,
  `nama` varchar(50) NOT NULL,
  `alamat` text NOT NULL,
  `whatsapp` char(14) NOT NULL,
  `bank` varchar(30) NOT NULL,
  `ac` varchar(30) NOT NULL
) ENGINE=InnoDB DEFAULT CHARSET=utf8mb4;

--
-- Dumping data for table `agen_galon`
--

INSERT INTO `agen_galon` (`id`, `id_kota`, `nama`, `alamat`, `whatsapp`, `bank`, `ac`) VALUES
(1, 3, 'asfa', 'AS', '087564784758', 'BCA', '098747298748374');

-- --------------------------------------------------------

--
-- Table structure for table `faq`
--

CREATE TABLE `faq` (
  `id_faq` int(11) NOT NULL,
  `question` text NOT NULL,
  `answer` text NOT NULL
) ENGINE=InnoDB DEFAULT CHARSET=utf8mb4;

--
-- Dumping data for table `faq`
--

INSERT INTO `faq` (`id_faq`, `question`, `answer`) VALUES
(12, 'Apakah ada biaya ketika mendaftarkan sebagai agen galon', 'Akan ada biaya administrasi untuk daftar sebagai agen'),
(13, 'Apakah saya bisa hanya membeli per satuan tanpa menjadi agen di website ini?', 'Ya ! anda dapat membeli galon mineral dan gas LPG dan kami akan langsung mengantarnya ke rumah anda'),
(14, 'Bagaimana cara mendaftarkan agen?', 'anda dapat mendaftarkan diri sebagai agen melalui nomer yang tertera di halaman Contact US');

-- --------------------------------------------------------

--
-- Table structure for table `kota`
--

CREATE TABLE `kota` (
  `id` int(4) NOT NULL,
  `id_provinsi` int(2) NOT NULL,
  `nama_kota` tinytext NOT NULL
) ENGINE=InnoDB DEFAULT CHARSET=utf8mb4;

--
-- Dumping data for table `kota`
--

INSERT INTO `kota` (`id`, `id_provinsi`, `nama_kota`) VALUES
(1101, 11, 'KAB. ACEH SELATAN'),
(1102, 11, 'KAB. ACEH TENGGARA'),
(1103, 11, 'KAB. ACEH TIMUR'),
(1104, 11, 'KAB. ACEH TENGAH'),
(1105, 11, 'KAB. ACEH BARAT'),
(1106, 11, 'KAB. ACEH BESAR'),
(1107, 11, 'KAB. PIDIE'),
(1108, 11, 'KAB. ACEH UTARA'),
(1109, 11, 'KAB. SIMEULUE'),
(1110, 11, 'KAB. ACEH SINGKIL'),
(1111, 11, 'KAB. BIREUEN'),
(1112, 11, 'KAB. ACEH BARAT DAYA'),
(1113, 11, 'KAB. GAYO LUES'),
(1114, 11, 'KAB. ACEH JAYA'),
(1115, 11, 'KAB. NAGAN RAYA'),
(1116, 11, 'KAB. ACEH TAMIANG'),
(1117, 11, 'KAB. BENER MERIAH'),
(1118, 11, 'KAB. PIDIE JAYA'),
(1171, 11, 'KOTA BANDA ACEH'),
(1172, 11, 'KOTA SABANG'),
(1173, 11, 'KOTA LHOKSEUMAWE'),
(1174, 11, 'KOTA LANGSA'),
(1175, 11, 'KOTA SUBULUSSALAM'),
(1201, 12, 'KAB. TAPANULI TENGAH'),
(1202, 12, 'KAB. TAPANULI UTARA'),
(1203, 12, 'KAB. TAPANULI SELATAN'),
(1204, 12, 'KAB. NIAS'),
(1205, 12, 'KAB. LANGKAT'),
(1206, 12, 'KAB. KARO'),
(1207, 12, 'KAB. DELI SERDANG'),
(1208, 12, 'KAB. SIMALUNGUN'),
(1209, 12, 'KAB. ASAHAN'),
(1210, 12, 'KAB. LABUHANBATU'),
(1211, 12, 'KAB. DAIRI'),
(1212, 12, 'KAB. TOBA SAMOSIR'),
(1213, 12, 'KAB. MANDAILING NATAL'),
(1214, 12, 'KAB. NIAS SELATAN'),
(1215, 12, 'KAB. PAKPAK BHARAT'),
(1216, 12, 'KAB. HUMBANG HASUNDUTAN'),
(1217, 12, 'KAB. SAMOSIR'),
(1218, 12, 'KAB. SERDANG BEDAGAI'),
(1219, 12, 'KAB. BATU BARA'),
(1220, 12, 'KAB. PADANG LAWAS UTARA'),
(1221, 12, 'KAB. PADANG LAWAS'),
(1222, 12, 'KAB. LABUHANBATU SELATAN'),
(1223, 12, 'KAB. LABUHANBATU UTARA'),
(1224, 12, 'KAB. NIAS UTARA'),
(1225, 12, 'KAB. NIAS BARAT'),
(1271, 12, 'KOTA MEDAN'),
(1272, 12, 'KOTA PEMATANG SIANTAR'),
(1273, 12, 'KOTA SIBOLGA'),
(1274, 12, 'KOTA TANJUNG BALAI'),
(1275, 12, 'KOTA BINJAI'),
(1276, 12, 'KOTA TEBING TINGGI'),
(1277, 12, 'KOTA PADANGSIDIMPUAN'),
(1278, 12, 'KOTA GUNUNGSITOLI'),
(1301, 13, 'KAB. PESISIR SELATAN'),
(1302, 13, 'KAB. SOLOK'),
(1303, 13, 'KAB. SIJUNJUNG'),
(1304, 13, 'KAB. TANAH DATAR'),
(1305, 13, 'KAB. PADANG PARIAMAN'),
(1306, 13, 'KAB. AGAM'),
(1307, 13, 'KAB. LIMA PULUH KOTA'),
(1308, 13, 'KAB. PASAMAN'),
(1309, 13, 'KAB. KEPULAUAN MENTAWAI'),
(1310, 13, 'KAB. DHARMASRAYA'),
(1311, 13, 'KAB. SOLOK SELATAN'),
(1312, 13, 'KAB. PASAMAN BARAT'),
(1371, 13, 'KOTA PADANG'),
(1372, 13, 'KOTA SOLOK'),
(1373, 13, 'KOTA SAWAHLUNTO'),
(1374, 13, 'KOTA PADANG PANJANG'),
(1375, 13, 'KOTA BUKITTINGGI'),
(1376, 13, 'KOTA PAYAKUMBUH'),
(1377, 13, 'KOTA PARIAMAN'),
(1401, 14, 'KAB. KAMPAR'),
(1402, 14, 'KAB. INDRAGIRI HULU'),
(1403, 14, 'KAB. BENGKALIS'),
(1404, 14, 'KAB. INDRAGIRI HILIR'),
(1405, 14, 'KAB. PELALAWAN'),
(1406, 14, 'KAB. ROKAN HULU'),
(1407, 14, 'KAB. ROKAN HILIR'),
(1408, 14, 'KAB. SIAK'),
(1409, 14, 'KAB. KUANTAN SINGINGI'),
(1410, 14, 'KAB. KEPULAUAN MERANTI'),
(1471, 14, 'KOTA PEKANBARU'),
(1472, 14, 'KOTA DUMAI'),
(1501, 15, 'KAB. KERINCI'),
(1502, 15, 'KAB. MERANGIN'),
(1503, 15, 'KAB. SAROLANGUN'),
(1504, 15, 'KAB. BATANGHARI'),
(1505, 15, 'KAB. MUARO JAMBI'),
(1506, 15, 'KAB. TANJUNG JABUNG BARAT'),
(1507, 15, 'KAB. TANJUNG JABUNG TIMUR'),
(1508, 15, 'KAB. BUNGO'),
(1509, 15, 'KAB. TEBO'),
(1571, 15, 'KOTA JAMBI'),
(1572, 15, 'KOTA SUNGAI PENUH'),
(1601, 16, 'KAB. OGAN KOMERING ULU'),
(1602, 16, 'KAB. OGAN KOMERING ILIR'),
(1603, 16, 'KAB. MUARA ENIM'),
(1604, 16, 'KAB. LAHAT'),
(1605, 16, 'KAB. MUSI RAWAS'),
(1606, 16, 'KAB. MUSI BANYUASIN'),
(1607, 16, 'KAB. BANYUASIN'),
(1608, 16, 'KAB. OGAN KOMERING ULU TIMUR'),
(1609, 16, 'KAB. OGAN KOMERING ULU SELATAN'),
(1610, 16, 'KAB. OGAN ILIR'),
(1611, 16, 'KAB. EMPAT LAWANG'),
(1612, 16, 'KAB. PENUKAL ABAB LEMATANG ILIR'),
(1613, 16, 'KAB. MUSI RAWAS UTARA'),
(1671, 16, 'KOTA PALEMBANG'),
(1672, 16, 'KOTA PAGAR ALAM'),
(1673, 16, 'KOTA LUBUK LINGGAU'),
(1674, 16, 'KOTA PRABUMULIH'),
(1701, 17, 'KAB. BENGKULU SELATAN'),
(1702, 17, 'KAB. REJANG LEBONG'),
(1703, 17, 'KAB. BENGKULU UTARA'),
(1704, 17, 'KAB. KAUR'),
(1705, 17, 'KAB. SELUMA'),
(1706, 17, 'KAB. MUKO MUKO'),
(1707, 17, 'KAB. LEBONG'),
(1708, 17, 'KAB. KEPAHIANG'),
(1709, 17, 'KAB. BENGKULU TENGAH'),
(1771, 17, 'KOTA BENGKULU'),
(1801, 18, 'KAB. LAMPUNG SELATAN'),
(1802, 18, 'KAB. LAMPUNG TENGAH'),
(1803, 18, 'KAB. LAMPUNG UTARA'),
(1804, 18, 'KAB. LAMPUNG BARAT'),
(1805, 18, 'KAB. TULANG BAWANG'),
(1806, 18, 'KAB. TANGGAMUS'),
(1807, 18, 'KAB. LAMPUNG TIMUR'),
(1808, 18, 'KAB. WAY KANAN'),
(1809, 18, 'KAB. PESAWARAN'),
(1810, 18, 'KAB. PRINGSEWU'),
(1811, 18, 'KAB. MESUJI'),
(1812, 18, 'KAB. TULANG BAWANG BARAT'),
(1813, 18, 'KAB. PESISIR BARAT'),
(1871, 18, 'KOTA BANDAR LAMPUNG'),
(1872, 18, 'KOTA METRO'),
(1901, 19, 'KAB. BANGKA'),
(1902, 19, 'KAB. BELITUNG'),
(1903, 19, 'KAB. BANGKA SELATAN'),
(1904, 19, 'KAB. BANGKA TENGAH'),
(1905, 19, 'KAB. BANGKA BARAT'),
(1906, 19, 'KAB. BELITUNG TIMUR'),
(1971, 19, 'KOTA PANGKAL PINANG'),
(2101, 21, 'KAB. BINTAN'),
(2102, 21, 'KAB. KARIMUN'),
(2103, 21, 'KAB. NATUNA'),
(2104, 21, 'KAB. LINGGA'),
(2105, 21, 'KAB. KEPULAUAN ANAMBAS'),
(2171, 21, 'KOTA BATAM'),
(2172, 21, 'KOTA TANJUNG PINANG'),
(3101, 31, 'KAB. ADM. KEP. SERIBU'),
(3171, 31, 'KOTA ADM. JAKARTA PUSAT'),
(3172, 31, 'KOTA ADM. JAKARTA UTARA'),
(3173, 31, 'KOTA ADM. JAKARTA BARAT'),
(3174, 31, 'KOTA ADM. JAKARTA SELATAN'),
(3175, 31, 'KOTA ADM. JAKARTA TIMUR'),
(3201, 32, 'KAB. BOGOR'),
(3202, 32, 'KAB. SUKABUMI'),
(3203, 32, 'KAB. CIANJUR'),
(3204, 32, 'KAB. BANDUNG'),
(3205, 32, 'KAB. GARUT'),
(3206, 32, 'KAB. TASIKMALAYA'),
(3207, 32, 'KAB. CIAMIS'),
(3208, 32, 'KAB. KUNINGAN'),
(3209, 32, 'KAB. CIREBON'),
(3210, 32, 'KAB. MAJALENGKA'),
(3211, 32, 'KAB. SUMEDANG'),
(3212, 32, 'KAB. INDRAMAYU'),
(3213, 32, 'KAB. SUBANG'),
(3214, 32, 'KAB. PURWAKARTA'),
(3215, 32, 'KAB. KARAWANG'),
(3216, 32, 'KAB. BEKASI'),
(3217, 32, 'KAB. BANDUNG BARAT'),
(3218, 32, 'KAB. PANGANDARAN'),
(3271, 32, 'KOTA BOGOR'),
(3272, 32, 'KOTA SUKABUMI'),
(3273, 32, 'KOTA BANDUNG'),
(3274, 32, 'KOTA CIREBON'),
(3275, 32, 'KOTA BEKASI'),
(3276, 32, 'KOTA DEPOK'),
(3277, 32, 'KOTA CIMAHI'),
(3278, 32, 'KOTA TASIKMALAYA'),
(3279, 32, 'KOTA BANJAR'),
(3301, 33, 'KAB. CILACAP'),
(3302, 33, 'KAB. BANYUMAS'),
(3303, 33, 'KAB. PURBALINGGA'),
(3304, 33, 'KAB. BANJARNEGARA'),
(3305, 33, 'KAB. KEBUMEN'),
(3306, 33, 'KAB. PURWOREJO'),
(3307, 33, 'KAB. WONOSOBO'),
(3308, 33, 'KAB. MAGELANG'),
(3309, 33, 'KAB. BOYOLALI'),
(3310, 33, 'KAB. KLATEN'),
(3311, 33, 'KAB. SUKOHARJO'),
(3312, 33, 'KAB. WONOGIRI'),
(3313, 33, 'KAB. KARANGANYAR'),
(3314, 33, 'KAB. SRAGEN'),
(3315, 33, 'KAB. GROBOGAN'),
(3316, 33, 'KAB. BLORA'),
(3317, 33, 'KAB. REMBANG'),
(3318, 33, 'KAB. PATI'),
(3319, 33, 'KAB. KUDUS'),
(3320, 33, 'KAB. JEPARA'),
(3321, 33, 'KAB. DEMAK'),
(3322, 33, 'KAB. SEMARANG'),
(3323, 33, 'KAB. TEMANGGUNG'),
(3324, 33, 'KAB. KENDAL'),
(3325, 33, 'KAB. BATANG'),
(3326, 33, 'KAB. PEKALONGAN'),
(3327, 33, 'KAB. PEMALANG'),
(3328, 33, 'KAB. TEGAL'),
(3329, 33, 'KAB. BREBES'),
(3371, 33, 'KOTA MAGELANG'),
(3372, 33, 'KOTA SURAKARTA'),
(3373, 33, 'KOTA SALATIGA'),
(3374, 33, 'KOTA SEMARANG'),
(3375, 33, 'KOTA PEKALONGAN'),
(3376, 33, 'KOTA TEGAL'),
(3401, 34, 'KAB. KULON PROGO'),
(3402, 34, 'KAB. BANTUL'),
(3403, 34, 'KAB. GUNUNG KIDUL'),
(3404, 34, 'KAB. SLEMAN'),
(3471, 34, 'KOTA YOGYAKARTA'),
(3501, 35, 'KAB. PACITAN'),
(3502, 35, 'KAB. PONOROGO'),
(3503, 35, 'KAB. TRENGGALEK'),
(3504, 35, 'KAB. TULUNGAGUNG'),
(3505, 35, 'KAB. BLITAR'),
(3506, 35, 'KAB. KEDIRI'),
(3507, 35, 'KAB. MALANG'),
(3508, 35, 'KAB. LUMAJANG'),
(3509, 35, 'KAB. JEMBER'),
(3510, 35, 'KAB. BANYUWANGI'),
(3511, 35, 'KAB. BONDOWOSO'),
(3512, 35, 'KAB. SITUBONDO'),
(3513, 35, 'KAB. PROBOLINGGO'),
(3514, 35, 'KAB. PASURUAN'),
(3515, 35, 'KAB. SIDOARJO'),
(3516, 35, 'KAB. MOJOKERTO'),
(3517, 35, 'KAB. JOMBANG'),
(3518, 35, 'KAB. NGANJUK'),
(3519, 35, 'KAB. MADIUN'),
(3520, 35, 'KAB. MAGETAN'),
(3521, 35, 'KAB. NGAWI'),
(3522, 35, 'KAB. BOJONEGORO'),
(3523, 35, 'KAB. TUBAN'),
(3524, 35, 'KAB. LAMONGAN'),
(3525, 35, 'KAB. GRESIK'),
(3526, 35, 'KAB. BANGKALAN'),
(3527, 35, 'KAB. SAMPANG'),
(3528, 35, 'KAB. PAMEKASAN'),
(3529, 35, 'KAB. SUMENEP'),
(3571, 35, 'KOTA KEDIRI'),
(3572, 35, 'KOTA BLITAR'),
(3573, 35, 'KOTA MALANG'),
(3574, 35, 'KOTA PROBOLINGGO'),
(3575, 35, 'KOTA PASURUAN'),
(3576, 35, 'KOTA MOJOKERTO'),
(3577, 35, 'KOTA MADIUN'),
(3578, 35, 'KOTA SURABAYA'),
(3579, 35, 'KOTA BATU'),
(3601, 36, 'KAB. PANDEGLANG'),
(3602, 36, 'KAB. LEBAK'),
(3603, 36, 'KAB. TANGERANG'),
(3604, 36, 'KAB. SERANG'),
(3671, 36, 'KOTA TANGERANG'),
(3672, 36, 'KOTA CILEGON'),
(3673, 36, 'KOTA SERANG'),
(3674, 36, 'KOTA TANGERANG SELATAN'),
(5101, 51, 'KAB. JEMBRANA'),
(5102, 51, 'KAB. TABANAN'),
(5103, 51, 'KAB. BADUNG'),
(5104, 51, 'KAB. GIANYAR'),
(5105, 51, 'KAB. KLUNGKUNG'),
(5106, 51, 'KAB. BANGLI'),
(5107, 51, 'KAB. KARANGASEM'),
(5108, 51, 'KAB. BULELENG'),
(5171, 51, 'KOTA DENPASAR'),
(5201, 52, 'KAB. LOMBOK BARAT'),
(5202, 52, 'KAB. LOMBOK TENGAH'),
(5203, 52, 'KAB. LOMBOK TIMUR'),
(5204, 52, 'KAB. SUMBAWA'),
(5205, 52, 'KAB. DOMPU'),
(5206, 52, 'KAB. BIMA'),
(5207, 52, 'KAB. SUMBAWA BARAT'),
(5208, 52, 'KAB. LOMBOK UTARA'),
(5271, 52, 'KOTA MATARAM'),
(5272, 52, 'KOTA BIMA'),
(5301, 53, 'KAB. KUPANG'),
(5302, 53, 'KAB TIMOR TENGAH SELATAN'),
(5303, 53, 'KAB. TIMOR TENGAH UTARA'),
(5304, 53, 'KAB. BELU'),
(5305, 53, 'KAB. ALOR'),
(5306, 53, 'KAB. FLORES TIMUR'),
(5307, 53, 'KAB. SIKKA'),
(5308, 53, 'KAB. ENDE'),
(5309, 53, 'KAB. NGADA'),
(5310, 53, 'KAB. MANGGARAI'),
(5311, 53, 'KAB. SUMBA TIMUR'),
(5312, 53, 'KAB. SUMBA BARAT'),
(5313, 53, 'KAB. LEMBATA'),
(5314, 53, 'KAB. ROTE NDAO'),
(5315, 53, 'KAB. MANGGARAI BARAT'),
(5316, 53, 'KAB. NAGEKEO'),
(5317, 53, 'KAB. SUMBA TENGAH'),
(5318, 53, 'KAB. SUMBA BARAT DAYA'),
(5319, 53, 'KAB. MANGGARAI TIMUR'),
(5320, 53, 'KAB. SABU RAIJUA'),
(5321, 53, 'KAB. MALAKA'),
(5371, 53, 'KOTA KUPANG'),
(6101, 61, 'KAB. SAMBAS'),
(6102, 61, 'KAB. MEMPAWAH'),
(6103, 61, 'KAB. SANGGAU'),
(6104, 61, 'KAB. KETAPANG'),
(6105, 61, 'KAB. SINTANG'),
(6106, 61, 'KAB. KAPUAS HULU'),
(6107, 61, 'KAB. BENGKAYANG'),
(6108, 61, 'KAB. LANDAK'),
(6109, 61, 'KAB. SEKADAU'),
(6110, 61, 'KAB. MELAWI'),
(6111, 61, 'KAB. KAYONG UTARA'),
(6112, 61, 'KAB. KUBU RAYA'),
(6171, 61, 'KOTA PONTIANAK'),
(6172, 61, 'KOTA SINGKAWANG'),
(6201, 62, 'KAB. KOTAWARINGIN BARAT'),
(6202, 62, 'KAB. KOTAWARINGIN TIMUR'),
(6203, 62, 'KAB. KAPUAS'),
(6204, 62, 'KAB. BARITO SELATAN'),
(6205, 62, 'KAB. BARITO UTARA'),
(6206, 62, 'KAB. KATINGAN'),
(6207, 62, 'KAB. SERUYAN'),
(6208, 62, 'KAB. SUKAMARA'),
(6209, 62, 'KAB. LAMANDAU'),
(6210, 62, 'KAB. GUNUNG MAS'),
(6211, 62, 'KAB. PULANG PISAU'),
(6212, 62, 'KAB. MURUNG RAYA'),
(6213, 62, 'KAB. BARITO TIMUR'),
(6271, 62, 'KOTA PALANGKARAYA'),
(6301, 63, 'KAB. TANAH LAUT'),
(6302, 63, 'KAB. KOTABARU'),
(6303, 63, 'KAB. BANJAR'),
(6304, 63, 'KAB. BARITO KUALA'),
(6305, 63, 'KAB. TAPIN'),
(6306, 63, 'KAB. HULU SUNGAI SELATAN'),
(6307, 63, 'KAB. HULU SUNGAI TENGAH'),
(6308, 63, 'KAB. HULU SUNGAI UTARA'),
(6309, 63, 'KAB. TABALONG'),
(6310, 63, 'KAB. TANAH BUMBU'),
(6311, 63, 'KAB. BALANGAN'),
(6371, 63, 'KOTA BANJARMASIN'),
(6372, 63, 'KOTA BANJARBARU'),
(6401, 64, 'KAB. PASER'),
(6402, 64, 'KAB. KUTAI KARTANEGARA'),
(6403, 64, 'KAB. BERAU'),
(6407, 64, 'KAB. KUTAI BARAT'),
(6408, 64, 'KAB. KUTAI TIMUR'),
(6409, 64, 'KAB. PENAJAM PASER UTARA'),
(6411, 64, 'KAB. MAHAKAM ULU'),
(6471, 64, 'KOTA BALIKPAPAN'),
(6472, 64, 'KOTA SAMARINDA'),
(6474, 64, 'KOTA BONTANG'),
(6501, 65, 'KAB. BULUNGAN'),
(6502, 65, 'KAB. MALINAU'),
(6503, 65, 'KAB. NUNUKAN'),
(6504, 65, 'KAB. TANA TIDUNG'),
(6571, 65, 'KOTA TARAKAN'),
(7101, 71, 'KAB. BOLAANG MONGONDOW'),
(7102, 71, 'KAB. MINAHASA'),
(7103, 71, 'KAB. KEPULAUAN SANGIHE'),
(7104, 71, 'KAB. KEPULAUAN TALAUD'),
(7105, 71, 'KAB. MINAHASA SELATAN'),
(7106, 71, 'KAB. MINAHASA UTARA'),
(7107, 71, 'KAB. MINAHASA TENGGARA'),
(7108, 71, 'KAB. BOLAANG MONGONDOW UTARA'),
(7109, 71, 'KAB. KEP. SIAU TAGULANDANG BIARO'),
(7110, 71, 'KAB. BOLAANG MONGONDOW TIMUR'),
(7111, 71, 'KAB. BOLAANG MONGONDOW SELATAN'),
(7171, 71, 'KOTA MANADO'),
(7172, 71, 'KOTA BITUNG'),
(7173, 71, 'KOTA TOMOHON'),
(7174, 71, 'KOTA KOTAMOBAGU'),
(7201, 72, 'KAB. BANGGAI'),
(7202, 72, 'KAB. POSO'),
(7203, 72, 'KAB. DONGGALA'),
(7204, 72, 'KAB. TOLI TOLI'),
(7205, 72, 'KAB. BUOL'),
(7206, 72, 'KAB. MOROWALI'),
(7207, 72, 'KAB. BANGGAI KEPULAUAN'),
(7208, 72, 'KAB. PARIGI MOUTONG'),
(7209, 72, 'KAB. TOJO UNA UNA'),
(7210, 72, 'KAB. SIGI'),
(7211, 72, 'KAB. BANGGAI LAUT'),
(7212, 72, 'KAB. MOROWALI UTARA'),
(7271, 72, 'KOTA PALU'),
(7301, 73, 'KAB. KEPULAUAN SELAYAR'),
(7302, 73, 'KAB. BULUKUMBA'),
(7303, 73, 'KAB. BANTAENG'),
(7304, 73, 'KAB. JENEPONTO'),
(7305, 73, 'KAB. TAKALAR'),
(7306, 73, 'KAB. GOWA'),
(7307, 73, 'KAB. SINJAI'),
(7308, 73, 'KAB. BONE'),
(7309, 73, 'KAB. MAROS'),
(7310, 73, 'KAB. PANGKAJENE KEPULAUAN'),
(7311, 73, 'KAB. BARRU'),
(7312, 73, 'KAB. SOPPENG'),
(7313, 73, 'KAB. WAJO'),
(7314, 73, 'KAB. SIDENRENG RAPPANG'),
(7315, 73, 'KAB. PINRANG'),
(7316, 73, 'KAB. ENREKANG'),
(7317, 73, 'KAB. LUWU'),
(7318, 73, 'KAB. TANA TORAJA'),
(7322, 73, 'KAB. LUWU UTARA'),
(7324, 73, 'KAB. LUWU TIMUR'),
(7326, 73, 'KAB. TORAJA UTARA'),
(7371, 73, 'KOTA MAKASSAR'),
(7372, 73, 'KOTA PARE PARE'),
(7373, 73, 'KOTA PALOPO'),
(7401, 74, 'KAB. KOLAKA'),
(7402, 74, 'KAB. KONAWE'),
(7403, 74, 'KAB. MUNA'),
(7404, 74, 'KAB. BUTON'),
(7405, 74, 'KAB. KONAWE SELATAN'),
(7406, 74, 'KAB. BOMBANA'),
(7407, 74, 'KAB. WAKATOBI'),
(7408, 74, 'KAB. KOLAKA UTARA'),
(7409, 74, 'KAB. KONAWE UTARA'),
(7410, 74, 'KAB. BUTON UTARA'),
(7411, 74, 'KAB. KOLAKA TIMUR'),
(7412, 74, 'KAB. KONAWE KEPULAUAN'),
(7413, 74, 'KAB. MUNA BARAT'),
(7414, 74, 'KAB. BUTON TENGAH'),
(7415, 74, 'KAB. BUTON SELATAN'),
(7471, 74, 'KOTA KENDARI'),
(7472, 74, 'KOTA BAU BAU'),
(7501, 75, 'KAB. GORONTALO'),
(7502, 75, 'KAB. BOALEMO'),
(7503, 75, 'KAB. BONE BOLANGO'),
(7504, 75, 'KAB. PAHUWATO'),
(7505, 75, 'KAB. GORONTALO UTARA'),
(7571, 75, 'KOTA GORONTALO'),
(7601, 76, 'KAB. MAMUJU UTARA'),
(7602, 76, 'KAB. MAMUJU'),
(7603, 76, 'KAB. MAMASA'),
(7604, 76, 'KAB. POLEWALI MANDAR'),
(7605, 76, 'KAB. MAJENE'),
(7606, 76, 'KAB. MAMUJU TENGAH'),
(8101, 81, 'KAB. MALUKU TENGAH'),
(8102, 81, 'KAB. MALUKU TENGGARA'),
(8103, 81, 'KAB MALUKU TENGGARA BARAT'),
(8104, 81, 'KAB. BURU'),
(8105, 81, 'KAB. SERAM BAGIAN TIMUR'),
(8106, 81, 'KAB. SERAM BAGIAN BARAT'),
(8107, 81, 'KAB. KEPULAUAN ARU'),
(8108, 81, 'KAB. MALUKU BARAT DAYA'),
(8109, 81, 'KAB. BURU SELATAN'),
(8171, 81, 'KOTA AMBON'),
(8172, 81, 'KOTA TUAL'),
(8201, 82, 'KAB. HALMAHERA BARAT'),
(8202, 82, 'KAB. HALMAHERA TENGAH'),
(8203, 82, 'KAB. HALMAHERA UTARA'),
(8204, 82, 'KAB. HALMAHERA SELATAN'),
(8205, 82, 'KAB. KEPULAUAN SULA'),
(8206, 82, 'KAB. HALMAHERA TIMUR'),
(8207, 82, 'KAB. PULAU MOROTAI'),
(8208, 82, 'KAB. PULAU TALIABU'),
(8271, 82, 'KOTA TERNATE'),
(8272, 82, 'KOTA TIDORE KEPULAUAN'),
(9101, 91, 'KAB. MERAUKE'),
(9102, 91, 'KAB. JAYAWIJAYA'),
(9103, 91, 'KAB. JAYAPURA'),
(9104, 91, 'KAB. NABIRE'),
(9105, 91, 'KAB. KEPULAUAN YAPEN'),
(9106, 91, 'KAB. BIAK NUMFOR'),
(9107, 91, 'KAB. PUNCAK JAYA'),
(9108, 91, 'KAB. PANIAI'),
(9109, 91, 'KAB. MIMIKA'),
(9110, 91, 'KAB. SARMI'),
(9111, 91, 'KAB. KEEROM'),
(9112, 91, 'KAB PEGUNUNGAN BINTANG'),
(9113, 91, 'KAB. YAHUKIMO'),
(9114, 91, 'KAB. TOLIKARA'),
(9115, 91, 'KAB. WAROPEN'),
(9116, 91, 'KAB. BOVEN DIGOEL'),
(9117, 91, 'KAB. MAPPI'),
(9118, 91, 'KAB. ASMAT'),
(9119, 91, 'KAB. SUPIORI'),
(9120, 91, 'KAB. MAMBERAMO RAYA'),
(9121, 91, 'KAB. MAMBERAMO TENGAH'),
(9122, 91, 'KAB. YALIMO'),
(9123, 91, 'KAB. LANNY JAYA'),
(9124, 91, 'KAB. NDUGA'),
(9125, 91, 'KAB. PUNCAK'),
(9126, 91, 'KAB. DOGIYAI'),
(9127, 91, 'KAB. INTAN JAYA'),
(9128, 91, 'KAB. DEIYAI'),
(9171, 91, 'KOTA JAYAPURA'),
(9201, 92, 'KAB. SORONG'),
(9202, 92, 'KAB. MANOKWARI'),
(9203, 92, 'KAB. FAK FAK'),
(9204, 92, 'KAB. SORONG SELATAN'),
(9205, 92, 'KAB. RAJA AMPAT'),
(9206, 92, 'KAB. TELUK BINTUNI'),
(9207, 92, 'KAB. TELUK WONDAMA'),
(9208, 92, 'KAB. KAIMANA'),
(9209, 92, 'KAB. TAMBRAUW'),
(9210, 92, 'KAB. MAYBRAT'),
(9211, 92, 'KAB. MANOKWARI SELATAN'),
(9212, 92, 'KAB. PEGUNUNGAN ARFAK'),
(9271, 92, 'KOTA SORONG');

-- --------------------------------------------------------

--
-- Table structure for table `produk_elpiji`
--

CREATE TABLE `produk_elpiji` (
  `id` int(11) NOT NULL,
  `id_agen` int(11) NOT NULL,
  `nama` varchar(50) NOT NULL,
  `harga` int(20) NOT NULL
) ENGINE=InnoDB DEFAULT CHARSET=utf8mb4;

--
-- Dumping data for table `produk_elpiji`
--

INSERT INTO `produk_elpiji` (`id`, `id_agen`, `nama`, `harga`) VALUES
(1, 1, 'Produk Elpiji', 20000);

-- --------------------------------------------------------

--
-- Table structure for table `produk_galon`
--

CREATE TABLE `produk_galon` (
  `id` int(11) NOT NULL,
  `id_agen` int(11) NOT NULL,
  `nama` varchar(50) NOT NULL,
  `harga` int(20) NOT NULL
) ENGINE=InnoDB DEFAULT CHARSET=utf8mb4;

--
-- Dumping data for table `produk_galon`
--

INSERT INTO `produk_galon` (`id`, `id_agen`, `nama`, `harga`) VALUES
(1, 0, 'Ades', 4000);

-- --------------------------------------------------------

--
-- Table structure for table `provinsi`
--

CREATE TABLE `provinsi` (
  `id` int(2) NOT NULL,
  `nama_provinsi` varchar(50) NOT NULL
) ENGINE=InnoDB DEFAULT CHARSET=utf8;

--
-- Dumping data for table `provinsi`
--

INSERT INTO `provinsi` (`id`, `nama_provinsi`) VALUES
(11, 'Aceh'),
(12, 'Sumatera Utara'),
(13, 'Sumatera Barat'),
(14, 'Riau'),
(15, 'Jambi'),
(16, 'Sumatera Selatan'),
(17, 'Bengkulu'),
(18, 'Lampung'),
(19, 'Kepulauan Bangka Belitung'),
(21, 'Kepulauan Riau'),
(31, 'DKI Jakarta'),
(32, 'Jawa Barat'),
(33, 'Jawa Tengah'),
(34, 'DI Yogyakarta'),
(35, 'Jawa Timur'),
(36, 'Banten'),
(51, 'Bali'),
(52, 'Nusa Tenggara Barat'),
(53, 'Nusa Tenggara Timur'),
(61, 'Kalimantan Barat'),
(62, 'Kalimantan Tengah'),
(63, 'Kalimantan Selatan'),
(64, 'Kalimantan Timur'),
(65, 'Kalimantan Utara'),
(71, 'Sulawesi Utara'),
(72, 'Sulawesi Tengah'),
(73, 'Sulawesi Selatan'),
(74, 'Sulawesi Tenggara'),
(75, 'Gorontalo'),
(76, 'Sulawesi Barat'),
(81, 'Maluku'),
(82, 'Maluku Utara'),
(91, 'Papua Barat'),
(92, 'Papua');

-- --------------------------------------------------------

--
-- Table structure for table `tb_about_us`
--

CREATE TABLE `tb_about_us` (
  `id_about_us` int(11) NOT NULL,
  `logo` blob NOT NULL,
  `visi` text NOT NULL,
  `misi` text NOT NULL,
  `sejarah` text NOT NULL
) ENGINE=InnoDB DEFAULT CHARSET=utf8mb4;

--
-- Dumping data for table `tb_about_us`
--

INSERT INTO `tb_about_us` (`id_about_us`, `logo`, `visi`, `misi`, `sejarah`) VALUES
(1, 0x89504e470d0a1a0a0000000d49484452000003950000013208060000011d29c43a000000097048597300001ec200001ec2016ed0753e0000001974455874536f6674776172650041646f626520496d616765526561647971c9653c00013fcb4944415478daec5d077c5455d69f7511951a9455aaa2eeeaaedfeaf26dfbbecf5d5776ed05c55557144154444114a40a0a447a13420dbd2424849084544808092195f4de26933ae965327dd2cf77ce9df78697c9a441e837bfdffff766debc79f3f2eefbdfff3de79e7b8e0c00641cb707f84de08dc9c11b93833726076f4cde987d76e2e325b027b701f84dbe0d1a73d0442778e8736fde98bc9be5b8e18d397ab6bf69dc99ea79fcc67266725c8fc694d9475f89f6d9d9dabf32a8acb937e7b9cbaf1a8605d5c1a381356ade607dd09863b6244ebe0e1733ddfa61e83fd503e6c4e9a0b11560e4de4c3e98ba0eddec741bfb3648dfbf185c5bb63753df5d634c92bc7e0ec1b477e0a4e370f782e076df1db52f8b35ee07f106f83fd77ca091336fcc5e36e6c6a85ae8ae2b7de444a1dd1e797bfbf2aed53193c778978febeadc43a6b8c3e67875455845337c9da0073fb9fe195bc75103126401b50ccbd34d30e29c0aee9fe609bc31affe24c42857c9fb09b215113dbeb132af8a096c7bb2140ab5adf073aa0e1c105f845483cc3177bcf4d887fd2ae13717d4ac11cfa1f4ca7caa4076a41064de55f47b773c43fbea449b11f608b794ba96f76d7c3eef6f17d5eaf1a12a18175c0723036b61718a01eefd3e145ef0af009947198c3a5108030ecb41e65c088faf0807d95e7cbd3d1d645b9241b63004642b225983896c14992982cec51bf3ea4f42faf826ddc5ddd8bd1263a6251ae0e304034c8ed1b22ef185482d0cc3ae70439609ec334cb002f14e70357c14a5618df02d76abb4956d4d81ffda9709b29fa241b63f0f64fb103b32e09e801a18eb5b01239cf34176acd8c24669635243d23962aa5bf62126f2c6b401ba412356db344d48032708af4f27d6b680774913cc4d31c27e4503acc4067b2a52073257256ccd69808dd926f819b7ab33cd8db9161b76091e3b2f5e07732e696166ac8e35c6bdeb6241e6840d76b4883d08d3b0c1a9a1faf956c1c803d9ace1fe7aa11e0ab04bb6662541684c5b98c899d905de9976a2e5f90d97608c7b0984553683635e037c9964841fb01b3c92df08fbf03db1d521c7bca546dd926160eca4ae72dad90af84fac9e3588ddfbaed06ff249f8141b961a87b6e33c4b61089efbde2379f0d0c96218b126dadce056a046a401d43fce542674d1981dc01b5302ec4edba8cbdb105fcf1a87bad613858de08a388a8d490ca591adafb28935684c5533bc1da9867dd946d8946d6e50997f0d633eeb3a11835c0bcc5d2e3670ff63f9306c7b2a7c7c220f06f99423cb4b60e00f17db31517c4ddfcdac6f5626d5b604f5a6416fd5c6b575bd5774a2e8aa66a76d993ad60d12133f4f346297aa87e762f4ace1a8316940b3264103cf04d732c66ec511eaf13c9385bd7761b7f97d427dd0101ca11a9bdb58171c59d5c2ced9cfa7124e1737c190ed29307a632c7c1e59173437bc869df3fb3855a6dd9c33f0e04c5fb0fb3a8035e4dd5e6506278549ee9a6f548a88ac6c6248ae6b09bdd2c6450cb8551ab2d78d892759373341079e452678e44b5f90ad8d87b968423c73ae16e6a1fe6dc7f94b0f6c04b7a226702e6884086c9c838a4638283781a1b9cd77799af18bb7e20cace1d7a36696195a73caf4cd46b9a6155ada8035a47dbc061e0fab8725495ad6d8b2d3e5adb49d7f49154f8dfac4d4534d7f0aac81a9117521f8de973e236c4cd72a098be3ead97613821ad5afd864415845631eb1175178858d3bf14637e29e6c9df2aabbd9a73e3fadbd58de087978e3e36b5a58b73667cb2518eca46003136400f8212b4fe32028bcb205027154eb83afddb161034a9b0d788e30995bd977524f4f89be95065687b121334ee27111a50dd4a84dadd8b0a4afe9b54dc99bd33541227c0b0dc9d42d8b031f6ac4b5a91ad6c862a38af831b13e546c60874c5d11dd04b15145d612a87133542d993773d74cbf73b1a2e9f4aeacce1bb2c78d69f1b860030e78d705de89d4b02e4fd4b95c752b28b161e2b091eb1ada8046b6d4e839ea56393668988d8b9b273424bd4f115c77a237891cf1e05dd8504e23e6a379666dcd513707559b5ad3459dbc77e9059036deba54b5f311b93e8840efd7a76a3a34b0d8b8046adcfd39e606be50dec81a36bacadcb884abe89a094f5c65e3bd209e2baab229867a18ec690aaf7a0044cc628d868d3934b00efda4e7e0b5080dbc8726c335780a2749b60ef480d083243a1e688b8dfa72beb6395dd7d416440d7c22dfe0253622615796d6d2a811158d0cd68d2ae2a7147592b4714548992bb2979050db7cea2a1bb947403204d0efd183d655b7daebc67ce8885c2d350164df05dff45e16647210615faec1ddba61bd8a8cac21a5ddb7b4813759352c8198e15fd2a0b0eea2cd6cee9b06161f183c67fe41b9a1987e97a4021fd8cd7d6a9af45f18ac1e8623471af0dc6ab697d8b0046a488294c90772f52e62a3ae4a51bb59b397f65b372ee1b0dc50248e9cbd8a1a0ac4c63d57da28b76ef0e4bae622b1b14460979e479f9d5536ca450612d8202e5e45b27114afef211e69d04da3121c724c2e62e3eeccd29c121b54647090b2c1b9b3ee794e8cca978edd99a52bb0d5d0529c28309b4cc7f34d79f4da5930a1c4cf7150235f99541f4de75d9da266e78da96a74e46123bd6bdca9d6acf5293676602fdd5c64afb3d8d8d8f5b1469e17abf2a551b42dcc8fabef54a7c56384411b3ba7f83b3406404ce531407dc85a116b328dceb6ba66a9de5e29c473d1b97940d7756e5829f6e71a5cc4c6f02c341e121bdcbad14538e51916ba280c9607215069625d398fcebb310dfc4c4f1ab91338d396875ade9a8d4e5abc59c0d45b66d68483074173f0c6e4e08dc91b93833726076f4c0ede981cbc31796372f0c6e4b8e51b53b62e8e855d6278255f3779cb37e6e664163334dc3e3297df64decd72dce8c67c754d14ef563933bbc7c01fc24279835d65630e98724af7bbcfbcfa8c71b8cec4aea7c78a91f4943a8637d6b56766670d3341f27afc159cd79ce760e179cbba12de58374937fb7f3e65d0d306942e53c0041595944c71282ee1b374b793dd7230ca1e5e0fae614b17fa2f09e10ddd178d8937d34e484c71f984c8225a5424dd67f7854f8f6ef800ff6a58884b03652e25368f7f3bc6bc2654ec7eff1eae618b8ae8fda0b79d2b7963f6f109efc285451f0556ea7bf4e3de95e28330e1eba87a70cad0c29e2c035b5d4d8b95a4c73e765e7574948712fe81c92e2ca9636841d3c93270cc628b8b781ea0ab3cc14c61fb8cd04d3a224b3a246f9a10a199302b56ebfde47915ac4cd6c1d23423dce35705f77a969997bcbb9781ec7001c8766698b38c6c4c00d9ee2c7c9f05c3bef2c7ec2331edd2c68cc3f3d84a1d83c795f2c6bcfa746bb4061370991debf268e5b442d31a47390e641ee5f0cf70649a8b92651aa12c24b2d395ac4187636691bf605ea04f30c5cc50cc6b70977d14e6fc0906d9ea4bb8daec1c661d2900bb0339ac3147bb175bd6888a4b0c5fc215d6b4fd854ba125afc1ed9878a2cf1af3cf9f9f8681ef1c874e062ce2a0e528a58ca1e5ecb3305fc18254236bd4a74354b00997bb6fc96e603980d6649af30051835263ce4f32c0dc382d7c868d79cfa60433bb9cb1d18e15c1364c6031390ef303cd0d847e5e98f40957688fd895c61a8f16f7769103e88ec82cd2e7cc941d50c0baf06af83ecd047b31f1c4426cc4d9c946782dd6c0721950328a1de870a7e4134e98e36049a40a2a8d6dac31bf8dd1c01b3ea5f011e6ffa114a8efee4d83874f9731965223d2825eb63adbad8435d6e01f2fc2f09f2259a38d587eb15dda98bb179def2e07902dbcc01b53b02fe986d09278d9ee6c589569b28c2adfc40414d4708731750c35f04e4c1d43790ece973440b9a18d2571a28616d9b9182176910ba3eb9099459719ba2b1326a209f265782dfcd14b09a3d65e629fd1ea6d96037ea68fa54171cd63d1552e5f5f708ba58e197fd58d491937708168eda6542d4b01434929287b088118488926a61dcf858198a489923a7d17ab81c3980f88f203d1f1d4e0d19885841e80d5788e2fa2ea32d255ad2c33092db9ff24b22e9abaec21fbb3e16bc7247823ac96a58e79fd4c258c0faacadb93a9355123feea2b3fa0f4a5f41088994544849437e5880b5daf66e9facd9a360693551cbe6a66eecfd51753da18ef6233138911a3d0a8a7810e3592d82004919dc7f31b58774bf6e8931735acd1a94c469ea639bec6d4d626af6f6aa179cff3e5cd8cc99e05869c2d193a1877a6a279468c8a25a1f82646e5bc385695bc3e495d45bff3c4e952f832aa2e845618d3e7f6c9ea5869da988d42e37a1537264b53c75c6df2891bdc8813e91a4e159a02aeaa9b1df7a1db2b8fcc3d0b942184061f5fed4ab264c8a21469945d841232a5a95a80b2760763c3f89736b35c7a94e04958546327f5eea4e2b1c2ebf394432814f3ccce0cad69c0b4316deac636a0cc228e595a4bea189f2263d2cfbe05e6418f53098cc6546cd4903322eb3c09dd6516399e6fccb6ce4990ae6a565c65d73cf17a3091e056602ce9ee81eaf6640ffb54986f2065934446bd8c03938f7090425ac94c04cc404959413035296b446a086ad8acfa56caff536f2ba30835649b39458c4c92138872906ec0015209e929eda307e3142689125614078939f268c06323f780af986dc4d68a655c6a1e2136aeb87cdd3a2f10fe0f72337b5be457936ca2af1a9040d7d5d38c23dd1f200cff5724e9d8760626287c1bf3001dcb3379f6f15338dd7a907501d94ad92fa50efd026d8b426c5c0235e08e2cad9bf502d7d0f206b6a055cc0b640bd6ec25781737e44ad91b73393750e1f5481b23661ec16c624a47216105fe9f8ff749638e72482186b151e3c0ff9cb865d2c610a48d2ba68d399cab6b973a469a6184f202d9ca2a72bab821dd76da98a6d4be683cec1122443d17338f088d480fec3b7d6a9adc2a0d69d5a80b1183ac93501ccbd3fb77969fc056d78ddd7656575944e8e69f2f6decd0d09206cfb34e1b9356d76cf99cbe7f38cf902f641e51ce8956c5d26f6fc1ebe13140bdc82e42702f300659a78db958d1e8df59ea183153c8d64c5d4c776963304b89c55ca29431f400600a9902da4af3fe48730e8959477840d71576c7bb72cd5945c4ae1853b85998bb275bebbc45b8c9ebd3d4eca6536a18cc05e4622b6d8cad91b58859d175ced2d43174ceed995af63b7ec5c62357da883c3aaf071946ae75da98e30ac3011e6a79ed1af5e5eeb287accb34da1c58895db6add431e203410de9acd03bd377126a1a3fe571b337a6911daf22754c104f1d73eba78de1a96338786372f0c6e48dc9c11b938337260707272607070727260707072726070727260707c79d43cc31b3fce17f836ae02ffe953c8d010727e6cd005ac447f57429a6fe9fe76b61a4630627270727e64d71c1470aa7cbb6a5d5f3c6e3e0c4e4e0e0e0c4642b084f14dad17ada9bedbaeca67ac088d5d10d9d7d3e785e6026cb0a70a2308c3f601c5c316f1030ed62f5983de930c2391f461dcf9fcdef09c74d43cc7e98e44eccaa7405df9fd747c7dbdc7fefbc20b87f6584aeaf6fdc3b5ffbc1c654cc7de35fc39c51bf0bad67593abe0aa9e60e298edb46317b4a4ebbeb743dd33bf95d713b5eb63e6103e5761834d9cd92bb8f307a439ca64b859de87454cc9b2460127f10396ee6a1ec84ae3e3f94ae15c93bced6e794d594125f3ee9a1bc2ac55a74ba90bebf42d2594c170849b9067b4da231dee530f264b12503b908ca5047989f6c6009ad699fdd376760d05b4eaefcc1e4b86627be67feb99e10444cac394978f83b2822e6abac1c724ac94837fc2a496703e3840e613a5c4e7f3c7d0166c27d32a00a7e4ed3435865339cce37c10ff15a9819af67e9ff6507f3d5dd9dfbd1c01a188ba49492b15df2711a028b79aca5389407033007e8a0b79cedf803ca8979a395729e8de123c11e51847080eeabdb4ce8c9ef2556351d1f1e505dfb06662126b5fa3dda866f1ec98671fe55e52cd3ffc952b08fc60cfe2791802e45b0f5521dfc578839a3ffc86379f0b447092cb9500db23d392cd574ff83b9f0ef282dac4712cff4283842a92d1f3b5bc3f2b28a24fc1e5362e37e96cf5c544af6d9d1a20e9502641e6530f02df330973fa09c98d7cb8e9c67a55693ac48485ecda3f49a527f37b014b4604940ec8b59a6c573bc12a5753d8619a58f22f035bc80c3c1a5095a98c22a3454c05acc2c4d1930c50a0d2b32cc84588669c31725e961f0f27018be2686d9854f6c4d8279584745242629d75daba241b6340c0678e0fb159120db81653976a463398e4cace81002b2ef2f98d3b23aa4c3e06fce526d501884551b469f2ab15caf857c4275076b0cc79a6644d876fb0547daa00f4f76a8e5c2c189d92b3ce19004e3979c87516b62a00b359b24d912f97649546ebab0cfaeb11520aea6852598a6c4d1541285868194e19b12448bc3c2dfa2d2518a77d9622489ab9255412645a2edfa2c3329a9dac62a819894559c88f923127315be5f82e75a808a49d53766c5e9e00b4c9bfb0d0d5591982cbfff09253b2fe54766b9fe9dcc153918d10e23d10ee7c398806af8957f153ce0900c035c8b602ccebb8ef52a8591ae85f0209627b3908d88e953c5c84aff9f2d928a7575a48e21d9de5c5337d94cf9f40c27661727591cca8a3cddbbe05c5b0f8e9f240e4b5dcee4c327be4af86f4c97ffde64e7e5799ad61554ce860a635046f7395811e508a6e8a7da09443622245545a12dd56120b2ed969bc9e89063ae96b2094bd97860e2ef0d925238547c836a38d0398898cbf0371623291726ea613e96c479168b6afc9f731e7c1d5801e3bef485c558df8132be33821ecc63c4c46cf1b03b07cbeaa4a1e3264de820a2b5f03095cba16a2b583389c8f44be7021871381746eecd044ab33c66533c3b4fff63f9acb321724abdb8d2421e84615f07b4ab95d44778803fec7c28db233cb9359191b93f55b5a1e25dfb73da394a8ee699e07ddc52b922aa7243647d03cb167922e9e8f57e1cc2928a123189785424652b129340fb326b9b61d125351bde9eced5c32c24d6e7c155302da812264769d86ffc9461848548d07bfcaae1decfbc2de4a0da1c0367fac28843398c7454f28808f49a5068ac9f6f1523a2ec5001f43baa805fe3ff32744b22fc0b7fe3beffb80216f484d1383cb6266077b09be6712d48d913fc8793e1ce242673ec0889e4034e1636547f14a7b590f0b344231b6652127fd139b20855ed182ae274fc8c86b3540b8514d2211b6b8b61cdb0a3a8a4a49a81581a83bee783c35e2268006e57a71ad870582f14ba2112d3f759153f2cdb4185e4e6c5694aa934c7f4c8baa8df4760190fa722f8d20787adcbc2e0775f78433296f1c8c0cfa745d7a7ca70684aaa49e4e98724a6e1ec6054c3dfac8b81fb965e80913b52e0ed8b75b58be2d479678b1b60ccb664b8dbab1cbe45bbf5afdb121b7e89653a066031bafb71c91a55e5a5cabbd221eb83a8d2540b8608e957d298c8ca719434e6d8caef1e53d59c1e57d3ec7b9d89bb8e93e5ea21dc4b879b8298d155cd015818a0ca2153075465ca59618095e8c17cfe280ef73094edd11345f059b406c22b5bd8d0f56f31e61262e4c4a1e127d5a3a12d29e271c42f6707800ca37968884bca7900418e1d22ea815c233bae54df5232234663a95e45c751d140e690c187dfb3a8517fb6c4188da9d0fdb14a556bb6aa4947f574a878125e2f7edf6cdf12a11f38530361650d39bf419b96ae8dca9cfd01a7523e8b52c114bcee49a8e6d274ecb370ff7fb6c5c1f71e79700a0b20ac495297d927aa8be933c72c5dd5a2040d7c78220f261ccaccfce0425de9ca64ad9c2a5c899096552138294c0a6949b39385a67cb18e4e7069631e911593482bad8b3160c7128ac59e52af2379c773f27520e202ba37a1e54d4e67950d276eb8620697359e589ba1af3f26d7835bbe015c157af81c958f1e7ce6e8d89cccf0d2fa18f3d4c19cb330caad98a95b1256104b4010a1480569e84ae42455246285e031a4a0a4a66e02619db04c1c11155532545468b21f657ed50d238355d08fe60cd1e34a8a8a0a4b01e81b1a58ad2a6045a872d5cd21c5ba16a692744eda3ae3f9a9433857622a54ea5aea33eb9a8af3d5cdc67dd9daf4dd59da102c6b13fef84535cc8aa8c972c9d3c74beb21c45434287e4cac0f19fc913bc868d88b15b0bf4934c063486eaa8a2d9298cad249493d2f56e54bdf1fe3579e239e6b758a26dd9aacd6f02d69904b4bd511024a4c4552a58dad6eea40def89ae613d791b8cbef0022ce16ff5fb1acd095160eeb9b9520fbb29e7b14a709a4c3d2f762f52c5cedb19345e0986b82aff0c1fc273ec864cbc9362561f1e860a65eacd622792db152380d1da9ba1b9193caf351414d2af5476a4a44a52d3dd86790a4a45c445c1ab2126945efef309cd8971deb7c9a818ea70e42f8a3a997a5602e8e6d2f1c435fa6de2d89088c60f504b15836fbcd23a8a2542a90088dd5eab4a4b4e460a2f2bd51958dac148277a131deab409f41ff3f95e0a5cee8d758dd7c53a61146ff9c081f7b17d77756e484be8ff5aa3a2d82620bd6e4dd9ba357480b9911f6e75cae584705c56c0d93ad897b03c87b5d4a1cf6e1b0d4021c699dba50de4825a7f2e9dee3bee937d4c6fce69206fe7aa19e29d6f274332965de55ed8a785331f0b9c9664fe67d67ebe0548e9e964e31928ef9d40bf2b5ad5464dc3e47dd3aee3adfe00f2473a858e9aff53bac521ff863b23e58d8ef6a159e775ad83ed284dc26bb9586c82cc42e45cf3a0324aca3b462e0931f9d6c6431b5781fa8eaaeb428cdde6cadcfbe1c9df30f89f5ed0ad53864689d6dd441f112cb58117a435cc2fa346d81b5d24a89eb53d290635d6ad216b0b6689ef590f93a13d7a6f30af1441f11ee097108da193254cdf9e2fd40f38cddbf6d99bafc437263c44de3fc615305fee810715132c593cecbd1c33800edc1613891be2fdbb8e4361bbad82331bd29642fa6b2e9804471edad82263af49c48d8a9d2529fb6ce6f5dcb664dbadedfbaca945559d0d357435c1c7a874a49bbc98ab85290ad7b46d998490a1152de5820129ade4b499c54db2cc787b84024318e7e026e0212f718d4e9483aa122fa1fbd8521ea6ea1f61edd37a14d836e3aafec83aba298c792226068f8465b71b29c3b01fa06d685216d6147b6e17467a5e2446c48d3f8765656ee6b2cc7be2cb123695724ab2dc7745635b43b60a1caa2ae94d8aab2a852247454655361626d731491448a84dae6539da12bb2d1e7e414b3356c8fab6e52483b1ad77c43bbffc13e59a3443f00bb27783cbb9f7ca134474fc9fb8c506cac5d01505bb0262d0ead1da5aa1ba83405a16dda63d55d260cc99727d5e3705c13d21be28a15617168cf2ac59adf1b8ba41e69827ba119f899f27471634e4859639154a9c9534da43a53d25060ed1013154f7abe43586bdafa5a4809a9aabcb498a908f4231c40751cc43318705c09419f158839b5abba9f38cde4678bb05272ba280c3687ce9e85c6433ec5468b4ddc19596d55f8c52abe96d74b12ea2d8eae45f1f52717c6a99c97c4ab83d7a5ea1244a2ecbe02859682ea75a30d285f93aac925c275e674b385e05293a360723cce538b705c0ff2bedcd35aade875ee5475c32b1a3d8fe5e9cf5e4995e675a9eaa055e88116df2341bc2484f69592593ce6271c565bc3d679f11c3687ec3bb2b4363b1ab136bb80857cd917c7cd44d6ab2ab68c8b056c3ef422dc0a0cce124233453e556874c14adb6e68bb5e71c9f59d595adf3dd95ab71e1eef285e030fc9e3b89dc8fb38c2f96a49dc137450b52c83f3ba4c6390083a065711794887de5d21aebad187c7ca72705c26f34388597d4d5c1ec4cec1c1c189c9c1c189c96f020707272607070727260707272607070727250707272507070727250707272507070727250707072725070727250707072725070727250707072725070727e50dc383af1d7eeedd4b3a78f5623dfcc9bda88637200727e58dbe582a8d70ac98d5b1a404d18f9eab9bc01b918393f2465de8c644b5eca4121ec37a1e54cc954839d249e1cd1b918393f20682ea440e9fee05f762f904cad8ce1b908393f266b8e07d79dafba69c72e48dc7c149c9c1c1c149c9c1c14979335dd8961490cd3fc7ed460e4ecabe00165f9d7eb5e718b622bc75e83767026eb61b36189d4d5d7d4ee502a9f43c7fb838f8f0f526c1982d89931f98ee65c7ef050727e50d00aae2b861cb2e348c3c900da3b7247075e4b87948293b208745fe4ad890a2ebed8339ef0a7e6f5c4f8fb59b73c6ee43d7bc6b429681ef1cd77d9f6a04d9d12216c8804376d896aee7c4e4b839483970d27136993f7479f8b57e283b23e4245bfb874ef5b8964106203b5e0232cf0a46caf117ead9768c77392726c7cd317cbd67feb9d7aff0bbf6bd38767a4f097915e8913df8d0e7de8c8484bf222137651a61e8a15c18792c4fcd1f2c8e5bd9a61cdf8b6327d918f67e770daea933926fb61e1d90a775d8d7014c8d457463834ea0ef4810c61f428e9b899413d00e4be942013bc30c61eb27ddbf2dc300b363347d3574945ecf84ce6cdf7b3ff30652cc4193ddba24a4dd340f18e5a40072088dd895c6ec4f1163564581dd540f2d12f4287f20396e06a59cd713421a9adace7be79b26488696ed08295b1f1ff80faf12f8d5a7a76153b2b6e84aafe7b5b5519fcd4fd00548d472bc802b9ae2c0b9d6b2311e4a78caabb41d11b110aa0523cea92cfb07bcefcaed518e6b43cabf2f0b7dee23f782a65eda70369d38c3cfd480ccb908d627ebc0afd0440fed0a9bffc88a08b87b43fc553dd463d7c7964cdc101381afdd64ae4a70c96f80f3e5cd302fc900ef456940e652522251cf2ecf352ec8ec911de5566c21dd6b97f4163b9440de5b919c0302ebe07f0e67c39029a738313929fbfea42377a43e87d138bebd70f474eaec198a4bb5469d286436d8d644355c03fb718204f60e499afad3254d9051dd083b734c1054da042bb143989fa8275282ec4449b7d7f07848fda4b1fe553021b8d642482919195c94c0166d4b81d32b34141ef86f174e4c4eca1b8ece1c3676bffaecf40a52c17b026afaf441bdcba77282ec7485b43398343fa22e7d59821616a282d15faeaa19e646aa6026daaa9b710ef68fde6530e3621dc8f6773df7f968600d3c7cba8c91ef5fd13ab8fb6c1d8c0f5531458ca96e81df85d6b30c0a22111949ddca40fa474e21fe807252de48bb52dc4a87b03385f7945d6076379eda1e3dc04303aa27b8c88dfe7ff2af80f9f13af82ad100d382aa40e6510eb2534822f73278cbaf0cf6a4eb18611685d7c28381b530fc6c0d8c76ce87918773e179bf7278d21d09b53b9b08b66f0e9e635586095ef62ca6f7135f0b57af752f6a0282a88a444482d496649ff9d77450d001fb73d8a8a03fceb1f2079493f2464074a87808b6a583e433f2463ea7d0b406f430f267c27317d5292f4568cea3fd57fe74880a7e135c47797c40e6550e2f5e54331bee81806ae62925028c38a584c13f5e84413b5291986652ca8ea3723923e90ee733628eda960cb20379307e5b120c5d110efd564682cc1eb1270764db33c00e03d465980941b682f647c3d3414cd1db91b21d11bb015d9b3865c21f504eca6b3afd21d88d13aca61da4d30d4b11190875725d4ba0388c1355e75c5933a4aa5a2cc3dcb72fd4816b4123fcf7b95a78394a0bff8cd0c04a54ac15e9461886cea1f55926589369027bda976126c58f6946589c6200bb5de99679c5a14830da7e12a38521fbb361ccba4b48c802b6afff9210903922f9d6c541bfd53148c274902dbbc886af32c75c90edc864e419ed900c63d74483eca718a0a9192921d910d5bbaa03f95e0aab87507422bd13a969b75f9c5ee1a4e4a4bcd1c3570205ced6985aa055dfdc06aa86364072c2c66c137394781637c189c24608af6c7191f954c10f48b22f938c6c08f82292720292724d2a3a63d06bba29db4cc8551252eecfd02241149809cf040b930df04b7725dcbf3a1a86eec9842fe374f04dbcdeac944750210fe6413ffb28e88feb3999622e0d03d9ea4b66fb8f4849ef9194fd3c4a41b6359529f1fd3f2732528ec5e90f724cb523a514c2fe6589ba4e5572f03767d99686c702d6211ee00f2c27658f30f7420d1bb6d9e11c1b669a9bd78552ce93a8e506c42ec96787842d53c8225d2be0b0b51d291df31a2e7b327dabe10f517a188c13f7a31c52601f7ef6734e0323231dbf565049da1229a56ab90cd59286b1f6a8a8f371aa632e7a5589949f5fd2c2d4688d79688b01f6446ee66da5f856271cce1e2b3293928875301f1e3d530d23d0c33a08493dc4291f067857c05d48ced1278b29cb1e0c3f2c37930d3b10fa8e537e23fb7fdaa96827c356760d8b43a5a4ec0c4ff0879893b2e309be0d620fd2dd0773e1218cfdece53484b86f0a0d5f1b5a4045eae7ab340f5729bfeb5e818cbbe50df0057e46afc9f9f254840ec6a2cd48a4d99e7b99943bf0350d5d09ab05b524d2d279889844caa58845a896df2121e72221e72021bfbea461c41cea57d52e6c8e91d2f9322977661b2d9dc3e4383dbc7a41653e6e89d94e1de552000f1d91c3c8bd9920f3abb6908ec8686d6b8a18b62ada424a317c8f88dc03525ac30131803fd877382951a91a987ae030ae87ab3c9873e7dd0f8faf78fbb81cde7251c0ac902afa6ee96789c6367ad889588b50cdc8465c9a668279296622bc78c9c088b507097a0495e7a002e712f13591722b92d207e717e9bba496444adaae1686b02b05a5fc01cfbb14edca45497a5880783fb81afedba304669dab8497d6c7c093b3fccc91369ea51d48f96bcc394bd7b524d57c3dcf86a9b16350b1e1ea837e95205b180c438ee4b170ba913bd360340e69c99134f0878b8c8c71352ded082f62c0bb2e97e361bf350f5ddf09ae89be0252dac27ff883ce6dca9efdb0431a7398cc0da9660fe1abdff9433c3eb4a20a2d43627c8f849c86530ea49ecfc5e8e18d58039cc4877bbfc2ac7c444e29294959c32a9be14245337bbf30a20e3620394941497dcd435823bc17500e6ff996c1bfb1fcc147b13a183dd317eefd0abda873cec2c88f4fc1233f5c000c80609f4f8fb93cac9d82d7f57eb416fe819edc87712e92d98e9ee5f02086cad134cbaf90c843d05b3bd23103ee5b7a01062e0b6b47be177e8eef404872ec4887ad57a1923dc53afee07352da5caa25fbee1cf44785b8eba09c3d841f6f89660ab5505021b2f9dec3eda43833498994dea88444ca03a8903424253b9386b5a48e0e390d96616cbeb6159645abe0649e09dcb274f075680dcc44f24f3f570553022b2dc4274f2c0d5f47a0c3e7175ffa334250fcecf0affc98d27d82c74f4642926796291a397670b8f9475456363a385400830fe4c07d3f84c18ba1753072531c0cdd180723f767c1a82d893655b12b50240fd9e7fe450d47ae21296d813b91ae234e1498226e1652321b121f80e9f420fc7a75249b80a7871bd76292579591928847db3f47e3d0929409f11d0e5f898cc7700a8486a807ad48496171a48444ca53e8a5dd9fa665f69b11bdb81fa0b239641a6017da82f4fda909068b6df91312ffdd58bdd98bbb3e01fa6127217a49fff07342eb0024df10df4ab65ef2698cd0b9d7b588795afb1d2f84fe07704a646d1cfc97633a3c88a4fe315e85c796c392987a780f892f732d8607710588947443a6b85b549186ace27e5a453218159308f917ff0a5d667db352c475262777205d631ccf37c5dc344a490e086a70b9a6a5e2a3382d9bca20b59a125203e586360842c78e33928608499e551a9e4e410205e27e9a0a398ef8204c05ef9dab8665f8e08b43d880d26676cc6e6128eb8aea188ac3d7c65680acfa5688ae6a61c3572232a91c397ec8befc3cb22e28a1b6053e46070fd528f91c9574eca11ce88fc358e72415233afde6081c96fe0b557014ce450ec1a0f1d13e1560871e57bbcd0996f9ce5fad8d866f2fa99216c7d52bff8ac74f7791c318f4461fcbd16be973ea7486ce39030fe13019c306e1ee45e7c16a5d25eb085e08aad2f8159b94fe25a6e20be58dcac8caa60e88ab6e8eb901247d8113eaaa9f7f871d59baa29b66f84a0d1b5fdd54312556033b7138b92649d36e2913d97f4f459a89485b22e6f444237c9b6c640e129194f7aeb9c4ecb8d118e646a4a4612c0d5b65a72b997de998a187a3e800ba54d50c87728cccc6240525c2921abe1967f6e22e4d5487ac4fd3d6ce8dd7b4cd8cac8784aa4643b5c9dc311088d4f4bb6c39957779fe009f7216af4abff558483dfc1255722826ca1abd31161d391718c145ccc50e63a06b21cc8ea885e4eac6d29589ea8a8f9cb24d540785d65e8e98e10d0f7ee9c7c829a6a324426e4cd72af1de285df38d3671b2d0941f51d19ea83155cdc938cd121a5bd372f83a93943b8f7afeec3f40f78c08d953cff835ef1de8e19993a0693c9e6f04cf22131c91ebe199c339f06f8c15fdadb3027e8d0f7cbaaa959189c848a4248f2b119402066838ea8604714552d2b0d40e1f6c971c031c16bcaf8350bd68d2df1187a83b7088ea846a1b57d5a8a56002f276d21f29287961879dad65f397674b8ca9be45c6736586b69603d9da684d933950e1a74bf5a0d4b7b2e9189194af9fa984bf85a95a9e464febdfd0ae1d7b410333a2ebe1b1b355f0412c0b56681209e9a930a48f0ea6698e6a8c97ad06711f6d97c5abe5db33f5fad9b16af88b532e8cf029af3ca53056ad4cd6ca496109ab53b405444e29acc9494a2a42246986eaf2709790a66a4925b226d6b6045c27922ee004b42d4612423e7bc31d3d172b9ab2f6e51a94444411e44925e23df6cd19a055fba414f49e565488f38ae42da5681d2292484ab227cfe03095d4920843b6214d891031492d0fe71a617fb681115b88a1b5bf07576610c14550c039118c7ea7ccd05298af6d31d0c1a8e0ca327d0b94ebcc0426721219a96388c0a16f647943dec5b206e553e889fd3c5e0b73d181f47d427d10916b0c128f5e13e6c7d5077d1155e7f665545d884844c2d33b52e0150ca97b0387de13704e93f67d1fa74aff2646e52c7e57c4fa344d9e48c60d695a46d415499a76243d9c67ccb745506b48494a48aa6d09bace6a3ae04e2763606963d496746daf08794d4849177034cf503c2f4907dec50de09ca7877d393a284105ea8fe163b2551843ba369e45001129dfd891c4b60fa3ad46361ef6eee08f04245b91ec3ada1221492dc91944ef490de933222c2d4476ca33db8c8267d7611646ea7c8ef6e8d4385d1ed98144c8afe3754b89e8f8178eb6e661ba9e6a536bba42d39c9c5ddfcc084864a4df21e22e4647d076545f4d63abdebbd0188f366a33fe2ff2dd59da90cde99aa0018135ade4cc395d604826b5dd90a64996122ca8c494fba7700d1b9a0e42855e92685ee07c204bdf6eb82b85f85db44f4368fb6362fd4522e2fad4f6c494624fb6bec81629ad6d518c1b965ba969c27526e9b3770a1923ab5a0e53a749ed73259d539f5ed4c4f981558f7fe5dbbac1279f4d4bd083ff39da8644361aa28a4e8d395b2eb1ed080c47230fec009c0aa0d03472ca04639036a96180404cf2b6d2eaff9072b3bd47fb68584aa4f4a0a1ad606f8ad7e09cad5bc5feb193a54a21e8fda0d58d9b4771b5c29f187b7b980ad192f292526f43c790032e70c618dc1624233bd8809e5c0afdfbe492ae09491c4fc4dc99a989a6ad35d6a7a99dbf5e1ed2319c0e093af2780148c9fb5dacaa0329bbc2ea144daa2d72eecdd12bf664eb94046f093943ca1b8b6c398c708450242569426db3f77526e9badb414df17f982dfdbfe89e1f961b8a37a56b0b6fe83c25395ede43fb4acc3f331927e4dfc7d50f9371929ea63816e094064dd28b81d6e4fa670e8e63459629081f8511b0f786141c3e1241c8419381de531ac212592305c292a79594940204e8dcb44e51722d917751689b378b109a6ee306b2d405e4d411e26cc749d29188617fab04c53d2ac4e81239a1beb18d29746049634b8da9352f47dd1c44e72167127973e9fd11b9ce7d5fb6369d88294e7b888464e3eadd193062773a74463891d43d21a708514d456ccdd449545467c1e9e2866c7a60704825b745d2581cc65b0f79c936bdce445d7e2bcc999237dafadae91e923a92b3ee54a129e086060fd07a4522e3ff4568cd0f2025271688f6d69260c8ad6f813790a01409331d634b192937255d5e35b13313eec3c8971cb55959498dd0fe61ea6a1e62b6412106a8d3f0128760cce6a363919c457eca265aeaf5ba8d7c3fd3add76c0ae465e794a8e478818c964c72d829a8f0f77608c4a4cc79352942607c763dfb2e2db896b5b441ddba040deb2cc829f4143a82889872757334aa6b63aeba3964c0bc204ba40ee1ee05e7e0c563d9b99d116c59a2999887e47a24f8652c4f125552dd23a2ae49d5e476a2a67291a4e878938b6a7ace0651ad9594701d1d47379db757882bde678b8c81ca86fcbd393aa543a6ae988ebbe1113da466e2ea7aeb85bc83b6a5b0d50e7e25664fe6dc64f334070b4ffb3610064cf384c85c3511310cd5f17aa7bf182f51477be1c6db7f12514fc38e1dc2678f086aea801d8587701c117f1f11916272dd042f2d7d1f49f93211b344d7124d5bc2800f4e30623ef089274c73ce4a1695944084db92aef1c4e1ae3bbd47db9be07c2057ef73c48a98e869b5e0b8c2d02b35b54f56c75a137457b6ce32dc451f405157f668e76ada224753c2e90611d5e2f9a58c0fd75205a5a08e49bc1fe74b1b0b313a279fee21ddd39b22cc0e73d1842dc11c364cf14e9533226ec4358d4450464a5209f4b2eeca3230b5a405bd73e27a5d6fe47a62ba241bc224ab8c07e2fe67684bca5d8aaa3b17894973a01282b7cbca87c474141434bcdcd0eaa56b6a0b12091b59d918644d3e2988b048d076fbdcf20d8e5282127a43504191cfe33c6db135517764eb0aa5435ec241b93e3fbca2b153a2127024d1ce8984ef236e3051fb1ce2ff46238833250d0538542da6fbb30b87ab343211da3ae88693728c5799c38347cceb06e761ce1b5135a5eb03650ee9301a5752dc261eb6766a4e4a39315adb6075cc735d655bc7867b1cb1592426e219eb6370c4310b112402c3022df6e6de6cad4d024b49fa7386b6d3e1714f1d48fb72f5f9d604350f7b4df99e450d39c1a58df9147544362aa92b3ea80a6b554d5735e7dd40fbb4cf884888ae6a2aa6ff13ef0b23233a728ae83ee1bd1b846df81062d64d1390fed01e8cfd14d6037e713c976d87635a4822e4fd18d3892a3a8e4f245f399094ce528212d6671a6d121387b5fba4e4f42a3232d8722649d1959ada22a635c8c171aaa831d51f89290e8191b4795da92b9136baaa39f46621200dc33bceed362b43cb1bf3dd0a0c96ff959491c8b82a45bd0f8938a8afd4b16fd7536e4b1e4f44a41032aaab411ed68766fab0e06b1ad67262f5193983bac24a899a8a70cad31f929216ed55175ba424fc94ac0e9a1159e76b8ba01b71184dc7386468227a42d28ea435647645506b24d6362b046214a3422550749214387d73aa2b74463cfa8cbe8fe72db42620817e9b86a662c722fd1fb665680b17c7ab99932eaab2f184704f07ddd44bb76871ae386425a5e484bc66e47c59f2dade164171b8eb27aa24a12bbb757ba6d62649bb1aea0a533141bd252adac74a6785498ece11b9755492bfb231c79a9c343cee6c9e550492568e769e3cadae23c9ac9150d3541855d95424f96e82f8fb9e85c60ed74b4354fb648d7286640ef964be81ddb73b211933c7d5937510622ae219919c6b328dcecef997c929050e75bda5e424829d2f6d68679bd2fbde38907048e746aa8a53372e3bb3b4e9bd212b11d549615248c96b1df77ba2c0a8742f34c3abb821f78cb2518e1ed076240e28311575157ee88181fdd2735a5fcbee6cb3e34688aca2e928676967752d86ab9c94b73f3937239eed6c986b8ba0c7f2f41d86b587737507acbdbc41ca06670291b8a744a598608a565a9250ef89ea7a664bba3a1a031c32765fc130580a47842de28a4a4ca0d7d263682e517a0eb20ff15a142209bbb2bd05a7dce37752d9028ebe25a6a340ce67bab2436d11d4afd8d88e88b686bcce0ac3a173a8a2829deabcaa93a086d931751e9dc5f912e6c4a8dad9b00be354ce8be3543e4be2d51736a5e9e452f25c0d81f1fb7272cefc94a24eea641ed7ddd6101e87e62219bdeec45a221cd76f886b93a0b8f8db4d3ad41548e963a5a8ee5272eecad27a924dba3f57efbc275beb6cfd5023593dad5593627d69354d5764b506ada8591cafead5501a95b9d3807feb2129752ce2105ea28ad765a8ca49c9613dcc0dea098e286cdba5674a4cbea29a3a666bdd3bf3ec76eaf1451b547c8d6a75484a2a299916c4aadca55e622936a4a93b9cf787c47a17ea106cfd26daab2eb6d41f4708f36f2411392939ba9d0bed0e07f34cbed624b5f5b01f9428d08d045e8baff5b5b91718098e3c9b1dc72d3b17da1d76641b4e7736f58243df208f42a3b374787c56d970f26481d1f9b05ce7654d221c1af79870b686ce9d41d2894ce52926396eeb216e57d89e6d70db9f6b70b626ead13cbd4f68790311c4dfd6f0b8abf9556bd8fa0e5bf39aa571f62936fa489d573cef2bc7ed46d4a97d41d4eeb02ddbe06f4dbc75185e28051d673d6dd315306cee1d9e8c998393f5fae29ddbe15ef2078ae3ba8406f6d55058829779d9020e8eeb47e26704e59d2ac4f76eb601fa6c10272507070727250707272507070727250707072725070727250707072725070727250707072725070727250707072725070707070707174b0e0e0e0e0e0e2e961c1c1c1c1c1c5c2c393838383838b85872707070707070b1e4e0e0e0e0e0e0e062c9c1c1c1c1c1c1c5928383838383838b25070707070707174b0e0e0e0e0e0e2e961c1c1c1c1c1c5c2c39ccf8d5fbaefeef5ed2c1fc6403c84e96812ca016469faf870fe20df0f8e932f84340650bbf4f1c1c1c1c5c2cef580c7ef398e30a971c26901d70b48889e750974218ed5654c9ef170707070717cb3bf3a62e8f5c7ff7a2f33068a2130cdb9400bf40611cbe2e16ec83cb6189bf12eefd3e14ee5b7a0146edcdb4e3f78b838383838be59d7d737767b70d9cec060f7dee0d0fcdf481bb179c4304c3c0b98191fcfe7070707070b1e4e0e0e0e0e0e062c9c1c1c1c1c1c1c592a3532c3c955f36c7550e7f0bae4deee977300a763abf771c1c1c1c5c2caf3950706e7840cc8835d130fcd3d330e8dbb32c50e7a1833913f883d439960557c2826359f0df3e651e57f27d9cf3b55b75b11afef55d20bcf2e305782a42379edf570e0e0e2e961cb715c66c8adf60f77540d4157f7f4ba2f7c07fbbb0810961d4b6a471fcbe72707070b1e4e0e0e0e0e0e062d9393e3d9c79e9786123ac0d2c85e7cfd5c05391badb691d229fb39460d0dbce85affa96c1bb911a589e6e62998d444c8cd2c29b511a78e46c8d9adf2b0e0e0e2e9612d05a445ac44fe83fd50364f6d130fae744b80d6ef224446f5d87f37a72dc83787f648b43e17337053ceb24875b4424bf93edcd05d991423328152066359a1daf8755992608c72c80e7ca9a59b6a3e8aa66fa9fe0b1a05a3e2fccc1c1c1c59230f8c78b1f0cffca0f067f7396a1fffc73307479b8dd2d6ee54de8a5a84eea95f04c74b21bf0be6bfd039f789ebf891e2a5b426f27b966f8c5c2e07629009724ea6178509df9fdb1e2cb428aef471e91535a40e064e5e0e0e062797bba4567f6504ca648c5e416c7bcce44527c2f734807bb691ecc8340013ba2608a2901c9aadc18ab629f0d5b110ef72dc3b480fb3279042c07070717cb1b88f15d74ec5783a536f61db27abfa3ab73d8c769261dcc36dc4ceec7713db4a2674beee524abadf9a13ba0681938e938f4c7f47fe47e17235dc9b330f03f27d8befe8b4360e0b2b05e5b9428c2f344773ea61584516b2fc1c83de93062672a46d226c3a82d893076431cdbdf7f4948f99029a72e89c723ec79a7c0c1c1c1c5d2b61564d78978f695ebf539abf7a19d36c691c2e9b2934a9cc32b84474f16c3ccc87a18ed5e0c4eb9c6a21b7caf7675e3562621b59708e5849eccbde2ff3b4e7628bf41b6361eee99e907035028715da5fafe4f3c7b3c48183eddebe8f09f2261f4a9121879a208461dcf871147f360c4a11cb448b360944b41bbe0a1cf128df0ea05153c1d5403af86d6b5fbec3d0c2a1ab214457bba97289edca2e5e0e0b863c5d2ae0bebf28adcb3fff12f1bff53aa01024b1a61768c39baf384c20495c6b67592e30e76db189b931ee9b7319e75d4cc3de95accb673235537c44d8beb23d9b50cfed28f2cbcc388d745e194b9944c581659972d73536afe1e5009cf22644e78bdc78ac2a69daf9e71adaf0d2365e195703513b931ee25f08fc0ea76c2670bf79dad636dd319c69d57c1bfa27596e31f444b17851b06beedcc4ba9717070b1bc752e562c7b25fbfe02f4b1608eb312cf1ebbe3463a665c927957c2a81385f00faf12b6a58efc619f0a389ea5877c75cbb6db209a77d2b26895eb8a987a70cc3142725d0b7c11ae8297ce56c10f512ab8db938a5957c18bf89e09a64b09fc70490d87738df0a01746bb1e2e38da57d7f3e8b9baa271672e0be34ba1aa0ea24845b66dd612f5adbe1c3c24850b5af3a7ca41e65d653e8eb64e2596cf0792d5fb015abdefbacce39d06070717cb3b7dce923a42074148c5d7dd9e234da176bfcf295f10f1d07616e18c8b75865be85e8c13847182801f11336686d536fefb7c0d781536c0d3fe95b02fdbc0c492fe6a1bdac0afd0045f2619db89d55be7aae195800a3cd6083b32f4f05f3e28444e283cfbf352ae5228e151144a1a888cf52a85e7826b3b08e53031aa56c0c7b13a6635fe2e1405d4bfc6b680ba9575145014cbf8aa2610ffce472881e659a99d79c7c1c1c1c5f24ec3244118ed251627b9616708fb8f76f13ddaae17b6148972f4abb511192f7d7736b2a7eb24af3090e68a718f6fd58467ce54c1249cb3db9c6e809d59465897aaa784f020f3ac6877cd8ba2540765ee65f076700d13bf45497ad89aa48155f11ab3f8a1a090d5f852185a9b5906f8af10b430fdaa60e0e972f8e25c153ce7a584d7503077cb1b605d642d7c88fb6407152073cced2036b22d29f6034e96c0efd03a956d4bd5c956c7da752694ee454d0c77fb547610bed730c1414c758b052492fb150decb57341237b6f39de96854920e1148e392e3732a1d4985a60ed8e58f65a0c06e29d07070717cb3b158112719c2044ab4e90ec1b67e5c225714911849604d6b5370905fa423051041e5814affbfa5f1754f247ced5b58d0cac8511e8021e7ea6061e400c430c09a88641fed5300085ecf10db12c1086b2e3bc83c242012d1f446be19363d9f0fbad98e0c0a900641e2816a710ee028e1731ab7065ac9a051e2dba50cdb64c5884ed505c0bf9cc31398c3c9803777995c35d6b2ec15d7bf1b59bd995f92777f3da490c548201b83c048b62836c6716c8b667c0588c4eedbf3d95adabbdcfb9007e8511abd343d002fc2906c63a2417e2ffb80f93128042dd62b1f24af5ad1d84727b6e83452429b9815418c9aa6496a52dd76c371023752511b30cfd3e3cb994738683838be5cd08d13d384910a79e444c8e97b816bbb210e7495cb2248e9784e51f1b043174909c63c3a9e22685afb2092e563643b9a10d4ab0f3ced7b642aeba955930e80eb4ef62ae94ae7d927dbad161e2255dd81b31bab0d7a37596a515cb530c2be625e8e11514b32128762882300805ef29ececfffb423d8cc739ba85c906f83c4e072f5e54c304b4ec9e477c86eec615196691f801b134cd08dfa71a61718a011621eef6ae80213f27b18eff172e2880278aa19f5b31fcf3208ad6a952e8bf3b13642870320fb41a4f5730a11ce0908af379c56617aa687939230ee5934b1564ab62e09b23f8bd036831eeca842187e520db92641643873418e59062111bd9fa04268eb2bd78cc9e1c8b58cab6a581ece714f88da7129e44519c71490bb20d09ecdc7f44b7efab4eb9b011addfb89a16767fc9aa5c9566682f6a27cb2ca2f852a416469c535d9130dac2e0951196ff419c33672e77fcff7907c2c1c1c5f2569e8394cebb7526bade8208ce13de8bcb1d5c85fde384e8cfd3088a844c09296f3688964d190aa41b76daa115cd70092d193fa5f9b56771136cc832c199d2664cd5d60201b8956b5a57e057269348ce8cd5b9924547e24756df17516a5899a085e72334285095f022e6447d813a7bb410657ed5f07592791eeeb9183dc8bc2ae08f28061bb34dec37d622c882b247815c2960858874237c9a8082826ed229be85b00c859304f3afe7ebc06e472a0c5e1e0e037fbc08c3d7c4301118b2238d6d87fa56c20c14ddd928c4ff4bae5914ccc1788cddd624267eb21511985e2f849527b39b7306ee9fed0f33374483ec878b82981698b77bb2cd5b1254c21214cb9ff0b87d2894fbf2982b9609ea0e145a4c52c0c4e7473cf7da3890adbe8475bdf07ccb23ccd6a57f153ce557c144725e781d5b0ad24ed06cb9528f975c0ed6b101f18f5e079434592c525bc74aad49a99549bf83df798277221c1c5c2caf2b261ccc0cfdea5c254c424be24fa74b01e7a8e6f5a1453a5d10c6ee2cd21f0577ac684d2a0a75ad3586e63648aa6d01da36b5022d0981d59997971c1ccd6f64f0c18e174515c8ea24515b8c22459d3cbd26d1a3cef73fb875c86980292866d39d736106ba409f8a4431742b6562b903dd89cb50d87e8b73805bd3f43497c8446b4b7603ac1744720dfe36fdfe2a612bbeb69708a66861aec5fd24966469fe94616456e95a1453146ef80fba61bfc19cacb3e375f02d5ab3b4ef73b4ecbec6f7f45ae6590e031db360d0fa586661f6db9b0dfd1c117bb2e09708997d144b20f04b144f9973b13912d6bc7cc40cccf96a11b0c38883f966b174c6f59028822310c3fd3092d849c1521c5a446953024cf4416b115dba63bdcb61948792a5bc1b79bc00461ecb335bbe5d0926a6ccfb2b5ae1e2fc66074bb41b50362156ab74a64f7bb19c1704b49ca6dfe493a258eeeb21a67361e5e0e0627955b8f77dd77419ce57c9be0b669dd0a39f9d86bb969847efd4495ea1abd61af6124ce80624a809c27c2414e95a2107dd7f91682952f4a742d30ad5a636268087512049f848288f48409fd90b82f57ddae58a1a43023152139799fcf6a206fe10a9a3dcb76c013c59648f07d781635e036cc5f3fd8c2071dc84e7d9245892eb25a0cf4834a522b9d20644c15c9d71d92dbb24c5ec9a2577f122144e12c96f501cbf8ed5c2579734f025ae139d8120d12411fd3b5aa30f7a945aac2ac27d9886eeeead2970f7f634b64c44b62f17fa91cb96dcb3d6622908e6208c60dd86e2ffd6c57a7853c02be852fe5d600d73dfde87352b65ae454c081fc4e402d4fee43afe1f5c8e42c90644a114930d74104c824f1573c192407a975c8e64a5f73d15ca415bcdae6a1246a9500e78d705c475a7f4fffccbb324b11762d91b511dcb3b260e0e2e961d307a4bc2a57b3ff366d53398cb8e2c8353e668cbc75645465fc3f9cf4933669eca78f18d03da17df3ca0fb6ab6479ee0c25d2ab86501adca629a2723a13b8d9def22141b121fb21cc90d4b6ed7309cb7fc36d9c8ac395a42f11d8ad13c842854b324cb2ade47e01c25ebd465fed5cc9afcd30535ecc48851b228497845b1242b5514cc63286c2498f499289c6b05888249e247a2b92fcf6c812e17ac4af13a9649c492447221262f3f966782ef5010e7a2dbf59b3872bfa240a260526285bfe15ce6f433e5303ba41a5e3b98099f5ca88509e89a1d8d622515cefe3bd3e1de1fc2a0dfd664f39ca7442c7f4671fc352ef45f8596ecc76849ffc02c71a305b3d0cdfc36de8fff0d53c35328ca0fa0a539045dc10330d29544e901cf5218724ad9212bcf4398be6e24ba93476f4b82feb86c87dd4f89e09138d2804614ca79a1d5edaeb92bdc8d29f8ac8379683faeb1340be59cb3bdb52afb1a0b103cb31007c79dea86c5fc9d0b1fdd126f7cf84b1fd5c849c75ebf56bff3cac4436f7eb83a023ef72c843f6074e82fbef407bbf75de1a5f531f0c4cf09f0474c8386021941e246a2285dc347a244424829d348c0683b1b8592ac47123be9b17f8ed6c39b71062684247807158dec3b24667b116445eec1cf6869852896dbad0493c43211ddbfb43d2a58ac04a9e549e73b8fae5f124d0a8211e7344fa2489050fe88224942b90c8572295a9424965f44a8e0359f5278c9bb143663d2f2bfe1328ffff12c813f79a095b8e03cce414698072d4b2e800c235be9ffa639bd57d74431c118438906d045fbe5c53ab365497384e8867d0f9798fc6267061397e5297af67bf35198e7a2307f1ca365d1b7afe2fcecdf511c7f8dcb44288103e16eccac4373b41383700071a204c6e3f2967f612aba5107b2cd1626e6787de82009652613ca513b5230cf6b128cd99c80395e633a08deef56455a5cb01bc22abb15486b7114310c2d49e9e73781507241e5e0b8d3c412056512e27a674499f7d7f98196a012d6f1a3508aaeb5fe683d8cdc9906afac0e870c550bb314a7259ac58fdcab64b90562550c7aff45925934dfc3d7248a6f21c46345b19c8e9f93f549df25b13c80a0757fdd89a583442ce9187a4d6245a248c72cc3ac394b22ebc03d5b0f3e72039c2dc2efe6982c6e5cd1da5c8c96e227b8bef1a3b39530f94c05bc17500eefe3ba493189c0e4383d0be659877399ff83961dcd3fca36275bee8dfdd18ccb4221cc0792ab1cbd0130d2b510fe8ceee44fd15dfb498c1953a33516017af7920e86e09a4b5110c942fc265a6d793f1453d4511edcc16439e2bce4089c9364c71d53c00be89e1d8291b4f761b2739a3fec7f14e7340fa058e2dc2909654fadc4ab85581d458c7ebd4584b2a798c83b408e3b0d9e45a6377934ac6d4cb75a97b860d21c1fada50324d7af242884b6f7e03c1c05df9048512162123812298a6c25f7260924b93fe7249b05e7433c76120ae51bb106e68aa57d64d539a11549f366e23ca6542cbbb32e69bfb5a549dfdf95690ec8dd84012b747eb27c71bd3c04a18093bbf74b9c7ffc0a0589a26c3f437c84624896269d5f1471ba6ed125bb0b05965c98b47f2e5a9c8fee4a6311a8ecde50b42a16e0164562ec058dd9bd2adcaf114e79f0f0e932b89faccce385f01b8cd415c572ec9a6896feee014c062f8a2381b9680f15086e5acc7a74301786e01acbdfed4e83bfbb17c1b0d5d130e0901c53d8d530bc802ee07f219e3f5f8d73a7b5f02cba813f8ea887319be2612c0aa72d81a340219a07a6ad38f7488300cabe43154d2cfb85634910a9da89f41c74ece0c96ee6fb8073e9f4ffdac7d6abd2542d0909b5cddeb791607685d97cfe94e376000d0c4f149822703b802f1d69bf8e7182e4268d17c98feb21a38fe537647d887374e4f29bea5900a331608416c353e7faeafcb37001977f4454b57448b02d8a15bdfe7bb886152a5e987a792ed21f859404f2446123b82268fe90c48cdcaee43ea54c396ef90d16c1a47dfb246249a24a7394247af4fab40012435a96e2916f82949a66a8c700a3025ccf29fee99bda20bbbe95e656591012051f2971cd27cd9b52a0cb1fd1ddf9290a26cde3ad9444c92e48c268d7e87ac58e0c9de69f612a4c52a085df63c0d1e4f07ae887e23712c5ebde4f4f9b97729038d296d645e2b28e175745b0b5a574ed53a3ea950b23709e109773fc95969a60c4eccb7ee5f0185a9e0fe35ce56f712b0a653f4a787040583a426b2b3726c240b41ec98d4ae5b258fd4a14cb117bd26046645df5d27875c50ff1eada336835530596ef2255301f85f3a7289cdbc479cb7e18fcf3e89a98360a92a29a97586e0b7e8945a5a9ec170bce1196b75099aeaeac4756164c4863c702794491dc6d5efef2a46fb926b8ac514e88a868544656362963ab9b94c975cdf2ccfa6665aaaa459e50d3541057dd2c47c4c4d7b404dd2162ba9cbb7a396e6681a4e7745fae9e129b4ce7eb2c6d64bb1148bc0f2d805315c6d6fa93850dd51fa2ab7159b2167eced0c296341dbc8641254f45e8e00dac5a81553398e051be538a762531a1401e7281d26b5ad64120c114c593ac4cb20429b087c48fe6c6dc2462791cb14f6e32e7883d6a762f52b92dca678a352adb59971451fb3aa69f7b01616d691ec0736c49d5c126bc765a2e821d33849636c2f378dd24a4b44c85ae3955701953720437e15ae89a4706abd8427f3162161321b47e1e5917742447df3a3fa28e59af0f07d6b692dbf6a5e06a637859a3912c555a474a024c91c0f4bf91885334701dfe16cda1a6d49907146254f0a79175213274a7dee75608ff8789123e460b5386d97b06d2fa4bcc06f4516025fc12b3f3dc7b240f86ad8a868737c6c1305cecfffc814c2658a35c1430cc3e025e4697315d9f14dbd3b4dab750d0698e94ace03fa3bb98e656e75daa2f2341cd513599be8ba8a9b87b41b0452407cc0becd4ea94ce4992a549c78b6249ee79d172de9eaead70cd372abb835b81b1c85fd998230a69578822a1ad6971ba43c4d481bb7a396e8440127664e98a68cb9312b4bf414fd04d89ae6a76a20e29bbbe59fd49aca6d52153d7b623530beb5234e098ad835d593ad89773b9fc12898bd43ac4e4014cf848c44481249095f83f38fff86fc93c24b969697e92ce81d97c98a09c1444ca55625d52661a4bb92d01875100e977c8caa4e337e27ce1044a4ae0aa84692832249847504c8f626ab8ede97a365749162a09f1ae6c43cb13b8fe92dc9d74cd791ab33892c548a225ba81770b824bf3a877e15215126f12c4cd699af42de99a4cff2263c1b9125366787943eea3e76a5a0ea66921abaea9828492d690523a39723d5362054ab6700ec5922c5ab262c9f2a6ff97ce49bfd58f72b41e2b6afd395513fd63a24635ec9cb90a08b985c9baa641c75fc2b5cc1a1fba321245321cdeda186d5e82b2f4023cef818141e1750a6b91247c13a38a9f75be12fe170707fde707c19813f9685566c2b099dee099a7d77d195517f26d8c2a3a4c69d22d8e55258bdf9b72ae22e49515610dc3d13abe7f9a270c9d720a06a1c53800e7a707e212152cb9655e2b29465f237e1f5059bd32592bb74fd22ad6a76a941bd3b536b149d86ecdd47529a281a54d017ec526a58873a5972d536ba095aa202b550a72f972572f0747b7fdff3af1790aaf6c3a4c227956d970e25a3c57b7ea0d7a16c5f14438763ece0a43d1f66c83e12006bae0e42dc36974dd1d95ebe108822cbc3f6c4f86f9e8c6fbf8782eb3889660e08bd4cdfa3156d5a064e27f3e57cbe624a562492e53f1f51fa2f4cceaa46510e47aa5e01d0f84289852eb52b430e933120d8a54a573d17e9ac33c2c99c72431246bd309f7ed47cbd311e712776799e73ee9b84a636b5e8eba39285fdb9c7e0f468e928bf5394c71f75e9c79490bcd6b8ad7284681d27ace111860331473c2d21cab5fb151e95f6ccc49ae695404141bf350149b6ad0325435b46ac3ca1ad20b34cd2df49e84b2a0be1902f38d90891664060aa41e9331d0f5932549ae6a3a3f255ca07bb7384147e9f2f40e199abc69d1f56d6f44d5c3cb28fe7bb0e2c8a64c2346b796c2af3103cfe66435ac4dd5c47f9f501ff46e786ddc5fa2cce9f92811c3109ff21c6ba124f1155f7f71a1ba05ad48f810cf3d24a0aa8df6792a0ce9f689ea62bf0263d6f771aaf417f7a5c68f597c5e397ac9f9b2d7b7c61bfe115657b510b323fdfe421d4cc4a8ddef23ab817edb1a784d21877375996b5235b9a220ae4ed1169170125621ba124f6beccc42112d30c9adc5f364a129dfa3a821079f4db9b74444bbc27974fda28b57692da4d640cf420c5aac876f4331a58ef0592e0a1c92be7fb6f573821a90b02d53977faad014d0572ed75b5a2c6972966e8c539ea1e478be49312341d7e25e68b40824c1bfc4847383b8c423dd6c11be3eef0ce6194d64119ecc82a079280ad8c0b937b298c8c54996db94831996f5749431663dae0f24a1a3c857124512377a4fae4c727f06975f9e5b24b1a47945d1ba0c12be83960113467291d2b590901e13e631e918513049405d703e93d63c1e411c428b92849384145da1ae92fcb5f679754d0b869fa90ec4cc3b5f508283c743d5b0052dd3f762f5acb0b125588912011c2f664b4808724d4b21892d015da8e90d68416a9adac4a4e4f1b9eae61014e4921a532b64a1389260d21fb9a6c9a224ab9b2c4a721bd375d3ff2a265f90b9960009f0ee2c6d7c60893139a0d8547214072ecfe33291e7ce56c08a4b2a187ba6c2b82cf1b2404d89510359fd1fe076907f854d115b99541f2e8a2bc15da1cfa1edfcb8faa08d29ea0bd3cf969e7f00adcd7f4799073e7fc1f9d9df63742ee1df71666fc1ff6241684a973735a22e8404962c51115261c639524fb462dd96d8b88e17c2ebcbde0c2853d0ebc571aad4f569da025118d7a1882e4f522b17c7d55bb022a96b6125cb745faea18004d5af87a22985d4228dae6256695e77628aed187a9b8a29b74e6f7f717cd6bacdcf97370561df5f821e43c6a98b154d87afc7fcf9ad70b3961fca336439298c651fa145782ccf0038828013288ac7d0728cae6c6473752430e43a24d7242535773a57c47299d23acaced6d15947c4d2fb11987a6d34069490c8d1dc1c0906cdd391589008928052ea3b1243123db22e3d05c1a4cf4830295101096abaaa95ed1373c5d2313e82c8d23eb23a4f169a5dac24984e4240100a79914424c59cb7477f73518b858d556c6de36f713da810d0b4a38b2a2596525718fc7390827fc83a5437b63588e951c55cbaad381da96b6af5a2ff0b3b60e66226d72db985038401035982748fc97dbd10f3b43a26ab1bcb0c2d4a145f0d9ea30dd301aaf13cad08e6cea5b640176e1b59ae84b4daa602daa22517be395d13d419d6a7a99d5724abdb89d6e90243f28f89f521f4fa99993ec64f5df3cceb3ba970b3507f92654cc26ba32862bacfe4f69e87015d34dffa42486dd9e27855d0175175ee24b87363559e6b92d459b6dcbf226c897877b04f56c74aadd4de600f929fb037475fe456d890db99600694988a42ca1b8bba9b23eda9a092cb37eef69e4be599916e51611481d31a095e4526f2da14ec164452f86cc0f5babe9bee86d94df5a81c83cb021ec4b24f23f766b2525264254cc2f4687f3a9a0b8f63bece095ff9b0e01312a629183cf26fac9b185ad280164f23132872154e732f6042c82c46cc10644b3445d7254544d23289d13f27b248d0278eca59f00c099c289894309dc49220fe06459f928549c2481626cde9911546df2551a1b9be20412c4970482c494845c124d1f590b870493cad53f77d8573a3bf43817c12739d6e88aed24b96c34c970438cdb45e26237900bdc985da88c6220d2a50c7c43c704f4bca8f9d1672e79609c2ec84dfd945c24dff3bfd4f74fd89789e9022a35e4832efd9d2067214c8f2ba86d6267c4d1a0964b596e95a985092354e91b9ffc0e4f00a4d73529ea6391eb7c9a5fa960c7a5da06dc9c3fbdb42f781040d5de6b5b6c4d3314b9b4cd62bbdce5635d58a5e00711e7809263df8173e1f342f3a082d6e16994b4b8184da942cf30f46ec9298c5543428ae4404fb1224a8ebd33479bd11d03d4207215aa787e47a06577443fb96b417d6e0d246454f028e44c4545d8eeeed0485649dd2168535f53676f9bec045ebba09e3582108cc667be034dba9307c8669ca82a631c88a4457ab6277b63e95be77c766f0f9cd05f5f877d095f83e2e7310036ec895262dc144995fc439c661d829fed9b5008660e0c607b8d09e927e5342705a3f48e24469d5e81c6330eb8b79ad5cfb14669d16fe45fc757b12133d9aab23514c5375144c713f1d47ee4cb23ae3851252a2eb52144c12d2204134c9ca142d56124e72e992db3301c502456681d41244888b67033f09ad6e93796120cd110574228ae3a496283e4c76e45e2691a43f12c912bd65c989a39520db0925c9ec2456acf4f383c27697e433faad75882988537452144b30e1dc26ba8a99f093254a16e8d3e81ead35b57e52a86bd95fdfd85a556e68cd2bd0368757a0e549ff3bdd0b0a02ba20546da1761b1fa636896e63f35c6d4b0edb6a9af39c157ab707de7369bb7f9679f043c9ce8761e2754b4e5784c3a53a786f6f9ae5fd50cc657b25a2664bb8711e3ce8a05cef8981529ed75850e3a52e5f5b70ccd1e749c5d41a789d8501250d0a6bcbf4acb251de53cb9496c5a0481675e7ea25e0a0e74e5936b380cfa5f678ea6c7a4fee2989a3f8cc618479c9890263313dc35b3274851257eb0df50edcf01bfa78487dd83b18846187c128a3cfd733ccc1a51e54f9823a7cea7459e50d51d05c4bd97be9df70fb48b81793700fa079bc907a9882d1a28730b0872c3672253e82b94569617abf0fdccc29cbc8f54ad894645e3f88351647e0fa3c9aab530ac222265027e1a37da502c4cfc9cd482e4dda62004c3d2ee18847eb68de0dba8fe3442b92ee1909bd28922a5cee616c6e6b92b85da5aedd43d04db16a3cdf2574152b6685d6506dab1571554d7f93249cd709db73b40fadc956bae76879984530c36014aeeda060bdd2eb15b4dc858e399ea9835305e6547e94a588923e500015d6a56c2796049a57ad36b566e1dc6a3dbd3f7eae309ac472c847ee96f592946080968390800ec42521b49464fcba189528747bb2b551b87c28ea4ac46b439ac69784b22b1ccdd3ef438b2ec81ae74b1b820ee4eafb544cd1251dba3a4593da53172f0aabc296a07a1635647735471aa86c50f6c44aed89bb97acd3b83b67e98cf59ad489b753e5196115c27fa4d1a83d050a63a8f4d9395fda5888536bc538d55648cfa4e866c5c8d6cc9b69f9d18d16caf1244064918956e41c743b92f5c802567a50c5fe7eec20c9cdfa659cb90ee3622a41252412ff56c8b2b324490f0e981880dc7d34ff885b235a87ae7cf4d735f01e322b165db8815656ef7ac40ce1f53392fd9385e30e0aef2929fd66e91c2a59e2e4d2a5b5a73b71598fb8dce53ba11acab06095ab95808bf3b117d1cf9b8c42398bc412ddb821e8fe95a3d5caaccedd9eb9f15ffc14a6d8e99655e19f50152e573787e32026bd4cdf1284d1bfa77fced0f8dbb212adb12d43e3d6d5e73d050aa7db451bc2698d332526f76b659d62905404064965f5444c71046fd33add9ba363ee5eecc872d04acdefa96bb733c4573715a5abba9f43a575d277a0a8f6d4aa5d20586c13053c2b88574f305102f15c7d7e9de4aacfac6fb1b8f6299187f80c905743ea5eb59e66705298a6f1dcb05678c4af326c0ce6081de19c6f1640b21a450b122b72b09a8ab6841217a70f13ca2591154111aece18494a9ff53b530b6371313ee62a6d7255989ee6a2774db224d97a6d9d62d05eb24f74114fc281911dad5515dded62b27ab2821725e8e26d9c8fce1326995fb5f5b94c145814ce874441ed0d52ea9a49e49eb13e3fed436cde956338804b949cd7651a837010c18045b683d6a5eb3cac45786796d6e56017428a11ddce5e4546e7f3650ddd8aa97f89d1fb5aba7b5150a37b129084a3fdfcae5cbe365cc0f941ca06c57510d6541c00077011bd7188af693e41f3d91ddaa6aeb958eaa5c067bf58fa8ce0322b36cd80d30dc5cb93ea2df390c8472f02174beb6a23187d3a12ab4b8ca0bca498868e046f69b29ef90c2978c66e778605e2bcd49029ee16a16473905854988bd86d2bc8e33a29d86d77032dee8710f6a2687685d5e97a1250ff5e5aa5273a134f5c5b1c8442cb7032dfe08691c56ef65691c3d6f3ae1bd2d4ee3f245e5d40526782da997bd7165cf23bae3ff52bee38a76a8d0be58dbd165ab264926a9be5948e903a6e9c1688b88d97cf5c73d080c496208ac0418d32a4acb1506c33b7024387f647b76ab1f8dcd034c2f64cad238ae22041209d8581eb205e75a40b8c7248ee7125089a7ba49a833447c584f2507e0317178e9bc065fd4e4fc4d3167eca3006a1e5ea612d9a689db98bd62aba914fba17180e498553144d11bbb3b51d84eea714b56757cb74ac61bd7ce6bb58558f82a0302945045ad4e9bdb13e3b03ceef2a8fe4190b3afb1c5dc20aefe2861cec9c9557eb16ee34b0a9b6a9f04e480041ee6efa9fbab2ded1c29763aa468560edb3a54b561663a1ad7612e71ec9722471a4e725b2a2e11089625c75237bc6f1b5232fd1d55bc15c1b337e18462df64741fce5a2f3700f2638a724e7d2bc9ea245d9effd13a2bbd68e77d41c37b1809205ea2511c67784fd2f5bedef126bd2f5fe187debee98ad3d8ad1c03e5281c4117cafe652f11c2e28bc41bd1150025a97be3db544d1a516b43a45ed2cfd0ebdde8811c4db3335d1bbb2b4b97d21aa5dc1560a424c5c22c7f57ab96156014bbd5966235d6ed3450ee002121874432a7b12457cb38084105de705b6ac7bf702230d606c7a113095282debc8c780334acc51fc55b42a82d6324b9f0912488f42a39ff01c6ee6f52cfb08c36607d88d98e1ed4dc13b0331a7e7dd18e128db92d22c3ba0a845811cc73b628edb50587b2ca0cef9c60e5625c1b3d018849d5a908bc2e07c0c038cd09deb258a24edeb8998e2f7b6a1203ba395ea8ec2e6d69580a27bd7ed6ae74c495845ac4b553b4b2ce950b45493b0332eb8d6c24a414c3d499a2f15dd33b8fcc65a507aba1ce74a200a30461de721682befec58725b8ba06a39676d5cab356cb94d3b13468c28cf278b717e6c7d2a791f501c2ded89ee7e376cc70ecf0a3e578779f1670e0e8eeb29aa0bbb13d31d3946775b626a0d1ce9d3fca88fb5e5694b18717e747777c148de8546af5529eaeb9de0c1577403efc8d2a6a2ebaf0093dc17e0fc98f25a8b2c45729eb09107b82f21e613be0c93527c8da2adf02834c909987bb8b0abf3d0753a2bcc382c371475f63fed16026f107918219d4011d5b6ee3b8aa2fbc62e065231558d8e9200ba876e07eef10e8883e3e616c7a0be02d634f5dc2b377af644480964a51eccd57989628873554164754a2dce2e227efd3a8bf6c575a73e6449f68558ce8aae73ee2a65e1bc58957b77cb6b705e378984812a565c6b81ed0e24645291bbdaf39125b8cb6ae0802ed3744a7a21ce23da02e672f65c8b16220e7efc7ae2a60f2e35395a45983f7ebb719177481c1cb78fb03e8bd8dc1b013da2e89970e212964e2d4ab450fdc9ed7b35eb52ad81092498206367ed89568cb3ad0e9de6c5d005d8a558f6149833380813e97bcd8c52f5ea7b9863d8af13b1394f422c8ab1088a2a360bb3367797002c27988060822d828e334720ebc2d7a76b2fd07769990f9d0f45ee624f0612d6f386b60471552f03c00891958d476c2cbf7ae876e717ef643838ee1c31b5bf5aeb744bb6d199e64c7d8a7b26b2d66e5f0c20396d2db6782e8f1d59bd0f3aea295014bcba13169a6bb3169a39312a17aa48d317626c5de50645d9590ae9e7f49e44f8ffd93b0ff0a8cab4fdcfe70a4a93a0285dd975d7dd4f775db67febeafed97575d555173b16342a366c4150404101a528a880d2a41312420b093d4020b44008253d21bd9010427a0f21bcffe77ee79c70324c1a2412c89debfa5d33993e67ce9c7beea7bd780d56c1931f063e22ea5ed6dbbe253f16c0f083763e3c98eb354e5a89903774963b0422d49828e551db0f15c915ebd0b6545fafaba52f79786bfcfef020420845744a53867b2f24ec8be22454f65a1daa1cd0bda4170f7954bf1f645c2010c7e98ecb9a4b58af042ed4cd4bd8fd1b8b2022ac7a3fbf1f144b428873e1bcb33984b32ec6479679398aea851cece1982896ce915cf33c273f5286739fa75812429ab6ad65ca8f2da28e4c925183b270f69a0b754e9e0925739d151dc965becedc2e56b859145be4be2cbe78516d8e7895f40ed6d6b73ad53ebcdf4b864b7839eb77854baee5b56ec06ce11589a5ee401cb7be2d10b7edde58a1b4bc5e3a458a2521a485b8d2b1975a549b92b111657e0be24a3dac0229a1e20d4d59cc6445c471faba9452772082b9c97a9d2c78bf784746fdf384ad48318e9f8cfd7b8cfb27c5921072f90aeb5b8d996474a5322bb66c752304708a3048b893fb11c5921042ea12d8d997ab30d65364e58ef61f7ed6144b42086909823bc810dd292d553c09c592104208a15812420821144b420821846249082184108a2521841042b124841042289684104208c592104208a15812420821144b4208218462490821845028092184100a25218410422894841042088592104208a15012420821144a4208218442490821845028092184100a2521841042a124841042289484104208a15012420821144a4208218442490821845028092184100a2521841042a1248410422894841042088592104208a15012420821144a4208218450287f546e7ac2a3f88f8b62d49341c5ea0f5b4ea97f6dcb560fecce57b7fae7b970fb10420885b255d3ed9d8dca35b858fd7a479eb2f99c546d36e7a8c70f9668066ccf56bfd8994fb12484100a65ebe4fa01ee05b6a529cab62849d996a5a9ae9b4fa94951656a514285b26dcc5681272b95475c99e2b62284100a65abe48b690754db2509cab6e19416c66abc33ede229e77b2e4fa25012420885b275d2e1e9e5aadb601f2d885f4794a8ae7e39eab9fd85ca3fa3528b651b8f24d57d410c859210422894ad74a38ed9abda3fe1a1babeb95efd8f88a2cbcc0875edc81dea68ce197ddaeee39daacfd44315dc56841042a16c9d1b75dcfed1709510cb8e8f2cd5e2083abdbb5975797ba3ea2042c9ed44082114cad6bd616744acbee6b575cae5c5d55a20bbba7aab6b87faa98eef6d563ff9703b2b5e0921844249f4069e191d649b7dacccf6c1b6988ecfae70e5362184100a2521841042a12484104228948410420885921b81104208a15036118f4d3b3c7082ff09f5d2f23875fbdea27e0db9cf33c12501dc76841042a16c1d1b6c52b0b27de8af3e5a9faa5c3d62d90f49082114ca9681b8b24bde7b28c3035c3a0c58a67b2141a7d1bb289475f0d74f76aeea373f4a3dfd6df0056fa7f79644e53eb52446bdf9dd61f576407619b72b21844259bb50f66f09afa3e7b490901b65345db7d77d55db913b3838a00eba7cba5bddf8f25a65fbc8ff8285f27a996484e946b64ff6a8ee323f97db951042a1245714ddbf088cbfe98df50f5fe8fd31cd0863ff3002b0c3c70195dca684100a25210ef4fef2e0961b5f593b8edb821042a1248410422894ad16576e83f38aa3165fffe2ead4dba604abeeb32254b745b1aac7cc30d579ccee746e1f420885d2f1a0f9dee6be13b665a86f0232d5b8ed27d44fb79cf2a1705db102d9afe71beb8b9fdc5fa4868594aad70e952829d6aae6d17d05ea971b4faa9f6dcfedcfed4508a150e2c0f9a87bdf5fce8950b66fc3d4e025d16ac49a44f5c99a0475ebb61cd72bc44936cb01fff5c5515b072f8a52bfdb9ebbee32124997df7f17a2eedf57a8eedb5ba86c9ec795cd234dd936666b1e0d2a560f1e285677ac3fa13e3850a06ef5cfebcb2f2a21a4d50b659b615b63babdeaa3db00742bc00f71fab4c7f2e480cbdc55a27d64c005dca7deb6933e837d16da261c540f8fdfa3ba0edb8a1f15fd2e871dae832c666d5b946467498a5d2857a4ab1fe2cbd5acd872b53feb8cba7b7781eab8254755542935f648115b42082114ca3e93823c218cd7bfb8465debe6a75b01da8dda89bc557338b11f53501a2b920f35d899fdd77d437b111d6c2b7039e462117255c69f7690de99cab6e194b2adcbaa7694da652e4dd597fdc2275dfd77cb49f5d34d5974958410e6287bcc082d42137fa77737ab6b3ed8aa7ef2e1f690cbbcc806a2e0d688db0f6dec73b4ffaffbc68ecf7815ca0084becdf81e9ae271f476b08ddb7f003f8820eca630baee2f545dfd72ecfffb9c3ce7364528db7a26ab9ecb1254efd569cc5512422894a0e7f2a4be32cdc5ad053abd0be1ee46dc76ca1558d9dbd72a927a67fb3c2800538d3006d014ca9bb7e7569f8fc8ab525bd32babffeff15d98ea363f86a157420885f212d1b7195da56b23dc98c765207e0dd93ed6bcea024791040fcc383a0242095779ddf32b95cbcc886a51c4f937d6a6a892cab3aadd2701da75761db757f5981e42a1248450282f11fd6b39c83705a31a58a433e732d9562e8d70e9039c89a479b96d5ab8eaf4cea6eac22d14719979564790a7eef5cde10b0e2bcbe38f1502cce77220d9b89ef94f420885b28162d954e1d8da42c7f7343427e9b637b7df37a14563572694b794a1eb03ea71957d2d82eaea641b54bb6bdb37a1f7d8ded9ac05d2cc494314db7cb85d751ce8a5c3b26d47f86b240cbfb8b1ad27ed1f5b960921ecfab2b75edda5c79c483dc400ce544457f5fe2a5849f198eafe79a0bafead0d47e4f9e22dc249d124845028cd03b734b6bbad4e397d772da1d8a616cad10eff3fe3f4c3589ee6323eb24c8dd89bab9edf99addedd5fa0d624952fbe94dba9961f15b5fde0c0f0f3c50ef73d4feca558a71f9c25841168d114209a3f19be4db59562aef66e5b1a9cabeefcc2aa87217632d147f55896a87a2c8953dd17c4a89e73a3548f59e1eaa7f3a36b0c3430f9cfc613eaf6e947b550b7976a6be9e72d374493824908a1a3b41cc0dd1a28060d61b293cb3c1d9ef39e5a3f8ca5d257e821b827a901d216719b6f861a1d98ab5a88ebee6b7195fd9d5c3fc0f25efb37245c6b9b1bb75a57b87e242b83bcbe4eb57fd253757e7e55a37e18b80c5a5dd1c33349f55891a27a7a24aa9e4be3eda3f0e645ab1e22940feccaab16c6e76502d0e332e8e00fdbb2d56fd79d50980c6415ce3f2f8ab1af35fad8b24a11cb101e20082114caf31dcf4509a56764d1c39ed1c56337a754874c3d1ddc599d053e36af3475831cf0ef5899220e6bad76451f05e65d32a1fc64436adecbcbe34ecbf921c6b671269410508c1b0cb10866b3f7aa5e3f64c3d05eab52556fef748553a998560feec871ea1c4dc684979dc723229c376dcbad71bb3fce8b549601185c7394100a65ab1447c7bce4d80684606b3df8bfbd3b2762498c1c880f17e983efac63656a5b5a4579632b47af1e1758de4e86085c33e5707535e85fb766675f8a6dd579a4bfc7b5aff828c929aade2b53b17d8e186d2c70e0036c1ea963a71eca8fdf185fa2e407821ab9477a2157a49dfacdba135ecdfdda7ee697edfa739905fbd4c162f597cd59da4dd62590e0173bf3b5283a134bf0c1d1921a82f9f0860cc973ae5518ea40b124844279d930726d52f168ef4475fb9ea28b69e7d0a1563918f675229275b58a38759bbf5a9d5ad871834c96599da16c2bd3d484f012f5acdf49f5d2e6132296a711469cd698f693b66376e7747c73837279cd5726d7645cb2f09f3834178421b168b2f9de338ace248fd99fa79ef0cf56df4696a839f283e050f619353da64c0f377ff748891a72b844ddee27d3761627ab317b739a5c346554df805b369faa16348456ffb33bdfa938763107193880cb5f082a722a98b8fe9f81f690ec0d2fad5112da551d904ba5581242a1bc1c40efdd35afaf57bda56ab1890b6e5c0dc1ec5f473b8453a1b47924ebb09f95dbf716ebd3d571a54a5ddeab94f4355cf7c38ff865150fda95a34aa5cf71716c99ea25393e7195eae3bd39eab3a3456aec813cbbab943ceb2f65a0f9acc862f5cdd142fb949d05094d22323220dda5af5fb6fad3b69c6a917cdc21cff8f841bb33742690d5537fac605c9ecc9ad55381304a0f78a59fbb7ef6315d70d4fe294ff6731242a16cf9f49c7020affb601fd5eee39d4d71e01d504b6875801321ed5f9b505ebd4e0eb0526d698a2442756da58a72f4ee6c3527acb0ac85b7c60cb0bc3793b196f3ae690595affcc72f4bcd8a2e5501e9a7d51d1b32557066851a288e6c43da697534e78cf28c2f539343ec0eeda38385ea1d8babbc5344538452d9e6c55f74def2a75b7354df4d59aa8f88741fefe38d7291d5ac39e15c309d2103dbaf7b71b56affcc728561eed24a92cf83062114cad6866b1d15b08ea2ea5428bbbdb2b6aab3abb7028e07e5af83f32ea7705d7f4bbfe4a7d81671b995531fde9aa5d6a756a8abd766a80907f3d50f71e5ea80acf0b12ca942c5e456aaef25ec6a15aa2765762bda2e5edd714aad4a2c57c3a5d5e5ff7c8e43282fca91c9da94d3648d52d567c349d5c72743f55c9de65428addbbffbd6dceafca375f07a0d30987d59ea792279cf0e5d6d5cfdf7c4fb1bd13e82106c7f1e3808a150b6ba9e4ae374b071beafe1aac6d6e1284d37aa5b196e18b4fa8c6de8565d84d3714eb4eabd51c425a668748bfdd07d32dd84b1b6b527c6d6b23df0fe46db561c57f74a2bc538114838c875e2204f9454a9772404bb3aa65884f28c1a77b8507d75a8407d1e56a2ded897a7a649eef21de9fffcc7962c75c7ea54355ff298f76c3e6977957363d5c5b849594544ddec6b7793edbc33549bcd39eaefb2da08728a7d77e4558b5f3f11b9bedbed228965bb80997fd4615647e708a1f43d69bf1e6b63ca8a26cefea6cf3ba22b61f99d218442d99a04b2af8358ceb0b47458dde058272d11fd2d2d13a3467fb5ef6f7d5e59eb39796dc2828b185ed0b7995cb376ce0302722b6e94b0e5bbb220f2b4a852cdeb81f9aa9d6fa66388b8bf6da508cacae3ea65197cf0ef6da744684ad59cf022f5deee1c2d2e012965eacbd062b52ea95cdde19fabfe2c82da415ce7e06d52c8e497a95de5c803f9ea2bc9537a2494ab5bd7a469a1b4cd8aa921ceb6af435d6cdf4566fc61d349bd5a88ed8b83639db8c9c53f93021e2ce4bc32f9b47a6b578ed3029d8d22e456617414ca3f05e4db6fefc44156633c1ede137e08e06fd18a28b56d57aa8a4bcc571c48400885b23532c44118e1a6561be2b2d889a3340f92c30d817dc612b2f5ac2784fba38965974da75cfee99ff3e8f3bbf35e78222077dec352f8821ceaff8a60bd7fb454bd2f79c417828bd5035231fad18a3825ee52b5f139512ca1cd0cdb2a88a4207d9d383f6e4fb67a59c4cfe69ea21eda24a74b93d44fa4c217a7721ff5ecde7cf5f8567b68f36af91f4dff3da4e9ffa73221e7af6b8fabeef2ff6c719ad74e0fd3c531af6e39b153c46beebf56261ffa38b454bd22af63d0c122794dc5ca33b142d9260495c9f5438447847e7093cfedced52269e22892ee723f531477679e715ad15a2d94104438cbba72991664edcf1a73626deffb65f37b430885b2b5816939b71862d9df2294fd1df27738bfd610d03b8ddb1cb4b851db4536dbbb3666e8c184d0e27ffc7b77beffeddb730a7bc9b1bbbbb8ae9b841b36d9e9222160b4aeb45f7f5275587d5cfd497285f7fbe7a847f616c8849a02f55460a17a33b8488f70fbb98c72d32d2e104953289725abab9625e95308e4edab52b438da96080b85e5a9aabd3c6eb705c7b490765912af3a4e0f55b61fe2f412595a90e6c4a8768be25417f9ff4f6b52b550dabe8f56b61991ca363d425794dac6eed38316ba7f11a86e97f5276ff85eee3b6ebf9ab6e7e46af7f8f2d57093d6bfef62ca6a08d960115a5324bd4444218a7d8de5bb90a7c462d0f516f938012b9a60dbdc2453836a08e5cc68865f09a150b68ac103039c5c36cde208430cd19a66889f1912bcd3388f693415a1b967266f3a5e39b989a7d1f4fdfbee82c57fdb95affeb13b7fdfab070a3ddf3f58e4f7afdd0545bf919020c282bf901609e92954705bed379ed239360825f840fa19478a53fb2844f286e2d42094374e0cd2077d14c1a052f7463945aeefa6e5c9ea7a843c3fd9651739ab504a8e528bdd627b5872f076718d0b13450825843a2f4e8ddf9565cf3d4a5ed6363b5a0ddf794af59a7a48f5fb3e54dd2843c86d738ed91769fe2ed2fe3823776a91a9164a99f76a1bb64d5dfbfe16651bbe5d21cfab197f400ba5edb37daab3bc4eb845f30f6b563e270543564183103aeb87bc58da2e49a85ec9e47aa97ead16ca294729948450285b643ed1d5a18da1a1959caeaaf6b9a36e46a8d3cd2296e660efbec6e9344b9e727256d9d9f139e567ab8e48a37d72519592fff5695c4195da9559a93e8d282b96ea4b97ba5ecf8e8cca498f0615073c72a028e0a1c0a2690f0416e970ab38a2dbc68494240e9710e41f77e66941bb4a041021c3abd767e9221588c470a9e21c74408a58249cda3f204f3d260e11e228cfad45e2e3b052cd8810bb583e22e1d58ef3eda275ede27875b5b84484483b4d0b519dc7ed531d64950d5cd7e98bfde75ca5b848086537f78473f93b882444737e82e6ee65f1aa93acc20107d9736ea43ed5a238ce7e99768f2376a8abbe10e1fb3840729472d9e707ec62690aa54cfee920427b9bb49d7c78a848fd774562b5500ef68a57182e80502bfe7c52cf0fbbda5665e88ad67652d803c1bc7b77419388a48975d92fac6ca2855266d3f2e0410885f2726e8eef6f0995f6ab45acdc2cad217d55cdc1dea6204324170af966156cd0a93367ce9c55aafcccb930e0c153676ae4ced6a49cd682e99b7a3add5928f53669711821a3ee908b9b75ac5c17d38850aafb65bcdabf847be560df4f1ce3db878ad5c7e1f6d68b5edbf3b418dc25823939aa4c4d10be9055463e17b0dac86722909f5a80587e620826c4f24311cb6776e5aaebbe39a23a7fba5b75fa744fcdb51f65a1e46b6684abce228aef8803fdcbf61ced28db7f754857f1b699166a0e0ea8be8f6de24111be633afc6a9b146c17c06f25643ae588845203edd7e3721142db7b5bb4bbb44d94ff4705a0a0475c65940ebdb693c7ee26a1cd6b86fad9c39c130ea83f4a5e538be5e83daaafb48358b7eff3dbb29c0f115892d260f1434ef56609cd2254bb38ae6ef769ae7062be6f5328e5b5b9f100420885f272c4ea38fbd522a6580772b421966635ab8b218ce32dc2b64b58608458d589d2b3d5e278c0c8854110d13221a157cd5211bf2fa3cb544c7e958a9610e1aa94d365a68b14817d1dd35ffeb9471c8ff709ed94464855e8a7a125ea1a7143f71b22f90fb91e4ef1db8812f5cae152f5db7dc56aba082ada16268a2842282745d945726c841d47a19c2fbd8eb6b599ea6f2be3b5588e12e0426516abea2a42040709b1c49a8ced4424db8b583d302f423dbe275fbd2bf9be9710da14a1c47536f76475ad08a616b8317b541b099362392c8cb6ebfad6062d72351ce7ac68233729c2383bc6ee2e4718c22ac2679b135b4328b5b84e90eb3ed82615af41763185d04228a71ed1c30526c9e41fb499fc4a86c55f27a1e26a21c3341d6795ab7514eabc2d4e1c7fb3a34ab44337739bf881e078dbab641b99e1560c92305da56d42b0fadfe94767cafddaf320420885f24a0761d6c90e1369b6089891178003aac863a92990e1b955fa34afc21e6e8520c2e5581bde3da5111f97e1745142857aeb4869766c41d5fae1a1a5451d3767ab1764a9a7f7a4ea14b785a83e2b83bdaf91b0ea9fb766570b25f28d57c965030ec8c17bf971ddce805ce357d1359de4f8c873426915cb8ee2c26c5e72bfc509d5423922d42e96ff2bcfd35942ae5dc607aa2e1276bd1ee1d655c795ab08c87be262c15bf25c7da46711cb7d69f7288f75cd0f313aec7a95dcefeacff6e89ce635b26ea46eb510e7d8e9dd4d5a48ed621764cf5dca641e1d8295dbdd80810c3274c0144ab492d816c5db85521eabed0a791c79cfb7accfb4bb3611ca5f4a0e15c305fa489eb29757b25e6bb2ab14fbd43b96ce3a9ece8958069f3c5dafebecf4d99e1a053c403bca6757e81ce52b2b1376a172d70154eaf6e38185100a659373f5f06dfd5f5e7f5c0d5c1eaf5c3765a8df6ece2a6e269739a08e7c655fa3bd63861132cd14b6c617d8c531a3e4ac3a2d678b65d6a93845f5a1080f429c08832e1641dc208ed23fc3ee3067c696aba9d1e5ca4dc29e10433d5a4daa507bc80cd221229270842364d4db677ee9ea61e9378430221ff9aeb46ce0be0f8bbbbc4e2a5675c8d5334dbd2ccdfece42ae38b5fe0f9194906f75418b197e1d658aa5bc9ed1e260dd24073a30b0400d12de96aad721228c10c7d7442ca57048bb4a5c873e4aeda244506dcb52d4d552b073f5ec2875f52c6166a4eaf2e67ad51142ba3851b78ee8f534c19264bb480253b4ec63ecb4506220434f11f31b852e228cd78a43ed8ac782183de3a58b68ae9281025d649d49141cf51227a9d79c9436939ba4eda486a82d75d2132963ea461d2d76da4ad298bca453a18488cb736c482e5fe444289d3146b897071b422894178cac4ebff8d965b1bab0a3db47db558f1756e983119c4523ab581d67950eb09c9f6608a09bc1004bbfa299b3fc5e986fb84c5d155b5279164b65a90a11c84c09bd2237b9e7e4195d5482d02ac2af1046718bd58e72ae843dbf8e29af5effd0748f08135e272d0a77896b9c26d77719be4d5d3d70853ddf256288d0ab795f882c8083fc46fe37c3ada650e23c2e737494d67c259e1bb7350b7b46598a7b30860eee12a0086848b05d285f17418650e2140eb6a354cb222c0b81d061d8e569fab56a64203ab84ada43b4483650287b8938debcc92e94dd85ae8683ecee95a23a2d4d501d7d33d5a3df1d55bf59108dd5537495aee9267b485f26d6e83c4fdccce791d39f6f3fd76f89cf6da3fc80c1fb696c4b489b615b6b886487a797abb6c66578ae068a646d4c347a4419ba258442593f577db657b5911541fee78d0dea976fad57777fb65be7a8ba8a8b91420ed74616f3f47782ab65245dff0600514d16ca03451431f41b6e71e7894ab55d1c63984c6bc1e977e2fce6c757683709204e104e5c0e21331d9d845eb550a28807d5ab7d76e4abdfee29543de646a91b65bd43db47fe2232a9ea33113208e8370e4209476a154a5c8ecb3eb73849532c97488ed43c3f47c410cf3fda2294681981588e0db717f8c05922d48afcdc10997af3a6f0ba8c9f7b59c4122e53e72a571caf59f803d1fc7cbf6af34d88bd98679efcc8991ba37ef25d444da15c62114ab94cd6d55423830bd5a3927fc5f083ff0877c9341fb84a973951aaade403e160219410a34ee2206f92d6975e2bec6e12430cba899bec312f5a75ff21ea7c913346d05945127ff8dc1a2394b5b9c9361f6e3fd71e72f142599bf3bc8b0725422894e7bf80a921aaad144a7c34cb3e47b3cfce02edb47a481f5e4f8fc4014d187a75b5b8c7fe4e42b0fd8cfca49b51c0130e4182289a6e71871c74d116023789821ee41b2156a618421c678b40a15af51d7192b8cebcef5342d76d79b2045791ba5d0413bd90ba18459cd8ff93bc240a7620945fc79c739510ca19c7ce394a5340178a307fe12094b89de926578850e014f7b1865fcdde4a38c9a53256ce4d44f27d4cc49130f0bb41b2ea8708e4db16b1d4615901394a47b104d77c2b62b928c19ea77474948650be2c15a658c81a6b559adb622090dcecf3f21c0f05e4aa7ede69bab0086b3f621ff8c5e8003d8000e1d7ee869becbed8ee267bca0f8c1eb324fa3037caa9d0994269fee17cc72df50f1bf81f8fa4eaf7e562e999d42157373fd55572ac5a245168343fbebc1984726e2d39cfdb78a022a4950be54fa475401f80a4b95cbb0fb392512a289b71d880dbe2f9c19f3ef4df85998f3cb1380fa7df4fdff7bd11921d6014f278416cde10117c4d80081d2faeaace4dc23d42b4cc160e14ee3c2bc289302c444c2f3915565a73650d592bb18d14acb497a21e1b96e792ea4c371110889c2994df1842890a5a5328e10e711e9743fc5028f485437ed214ca1071c078dd70b97093a6b3b50ae587478ad53071931f48dfa25b7091164bb8cab7442ce12a5f9679adf72c88d26d2c0ffe10a19ef64e51bf1731bb5f062074327a2eab7b0be5ffb628de91093c358452dce148799e593245e779d92e1f84941ab9d3520db6db134132424f42cebf9581e63f93c942d7adcbd48ef25a0971fee1bb103d72effa1fa2b59becbef09876933de644aaee32b9073fa47a7d7dd82e745ee78a76e6c95a99a6502616da8bad9c897c6d74b42fd25c0dd64075749332247efd8f2494ce60c89690d6269472e07d46f7d9cd8cae5e28d72661b85b5e5af94c133cbed91759c399defff0fcd2cf7d93d46b32760d6d114ff81e57bf903684fb9e5c82760e4f599c78a9e42473107a45b8132204c15c2e0235540ef8c84be2e00f81c2e523c3cad43088908811c4528ba2010414ff43187e882fd779484c9a812b44e10e42b5ce8412226c8a254479bac559e27f332c0ba1dc26ae17af0555b8104bbff44a2d4a66d815f3544789408e103e3a6a17cae1c262793d2fc8d0f387a4a0e8f7b2d2c75fa47ff1b79fef53ef6ccb541f0515a82ed2fe819cf17d93f6ebc71bbce584ce1d9b62f9cae268bb9bb438ca8e1246bd53069c4324bf8e2c556f4a81d21808b6f0e261fbb641a56f7f11dd5f4b38f667fe79aadbca542d8aed24df894108b71b853d369918d4560624c04d769b1fa3871a741337d96346a8eaf5ed11d57bca21bd8877b5c8499fe89f65d5125328713aed404e8304b2dbab3ee7855bad053cfafc2b3ecd1576bd1886b1d2969056d21ed2f3bbd0b8be5382cb7ff194c7bee67c9e7f3fbaa0e2adcd19ea7d19b786301a0e8077b86dd1628056847f3fe37e46842bcd748166581540904685d91d24440bee110e136156889e79bb47c5393e6e88e4a746ee106018c156113138c459727b6742392da666410fc412d76f91fb7d698823aa6e711d4477b2d153b95ec41b2158198a509da334c5f293d073620927f9c4e64cf56ff971f0a09cdeb3364dfd55dc22e6b0f67ccd57fdef5c63620eda3a866ed3af6be2ee2ce52dcb6ae9a21b6927c19a907abc9d476a0da1ec29dbafc7ec08f5e1ce2c5d5d0bb144981739424c14faaf4c10fa870824a60e21f708718483841344910ffeb77924ab9b452831bcdd454e3b4b38f62ac9e36a37298f8d19b23da7d9dd64af2f0faa76a3769e277a4b8f95548760eb1348c7306b75f18ef44be2fa1b0dd136dde4df37651e6a6142e98ca7851b788023847d948de6377f9edeef3a39f0ea46f7c987b5204c32aa475d9ef2541d24ec86f50e5da5d11f453c66352bdc1baa57e122cd902af29368f5c050005c871c242ebf677fb17692f70595a8012298ab45d450f4334f301de56c03ab584eafc555e27adc0e79478824aef78c2f531feec951cba38a145c2fee87db634a109ec35af96a8ae5209968f3c4860cf5dff5e9ea9175e9eabf7e59ea19717653c24bd4731032e16a716f3a843966afb2bdb35957e4a2c00aaef2b925d15a38211868d7909549741ed35504f0258317a4a504e2f21fcf789d8344e5ec0b723946ecdd2763f47e2d6e0f9376baaf4ad3a2a885d13b43f771f6904a5814f07490517b3f9d7440dd080729d75f2dab9474903ecb9e2292dd6786ebc7c774a12e425d0278efd7c10d7292d6b0aa09f2918ed7d93ed9d312dd6463729d7d78c023e432134a08d08ffc9cae4f0c74f7bcf6494fdd305e6335081c04c541e1bc1410a96312c21c1751aa0b792054101e383754509aae1162faaa0031fcb78822dce2e3c675ff09b217efe032674239c789505a5d252eff26e61c1041dc1f6e715258b19a1756a83e12a11cbd2f570d93f521e7c89419b441e0f59a794b54b6be2d4b533dbf25533dbbe9847a4a78626386162eb3a006c534680f41f5eb8d123235077ee3b49bfc70e83fc4eea650916cb679e07fb469dc22a1ea7ba50809fd98104bf45dbe218f0781795386a73f24537e3a1b21d5aed2fad14604b18fe11ac135ab8eeb79b23ff5cd503719c2d91b2b87c818bd7b65628e7e2d321eefeaa589aafdc258d5f9fb70ed26e1221b9373bc183a3e63cf57a2d8ac05e4269b3a5ccb222142e8286b54b3ea9ec97b1f9a37bead38caab71e01337592d027051a866c4d8b505713adf68ed8d1c669c87735c7cac5417c798394888e38386302277084789dbc201ae4db5cf7e85509a62d910a144fef29b9873e7219410d9a093956ac2c17c355f8472ac9cce8a2e5561d995ca33b248874687ec38a5def4cf52af8950bdb25516501606491ef6f91dd9358a8abe972a54e449d122729334ff0f97021e2c9185d16c662ecefa43e2f6bdc51a5423f711a142410da6f43c29ee14394bd35562d166080c9e4fbb454b55e913b2f8733bb8476985d14b742d48d4055b10c1eba5eda3c3189941fbed51f51319d8fe2fb9ffdf71fba7e5478df4d6b6911e4eb83b09cfab5e9287ecf2d99e6617497300ba1972953073f6152292b5b5a630cf49ae585004b72ea56c1085d27975eb00cb86ba0d0785de520cd24684f26abd0e62e0b981da8bec07ef07c6eed479c759463f245a42501c634ebc41b33e26ee58db3ee02021788f1b4e7359923d2789c104c85342ecac4209701b6742899e4d88a8350c0b51f311c1dd9c58aaca643210441c0545c8996272d06746752e429d18b23e785fbe5e5d04b7c3e3bf61e4595168644ee98163c67be92ed382f01af178b6e1f6d02a7e4ce83ca5b84bbd5d44dc6ef2cfaf76959dc4dd41083b4b95ea0b0139aa8fb47020fff8dc7a7b1bc96d0b63d4afa5921583024c07d9c623f9dc3cd825d28a216b545e2715adbf17e11db03357f59d19a6ba4e3ca03a492ef23e11fc7bfd4f4978374bfdbfed205bdd23fc9ff45dfe6b75b2ea2df7e93c6677ad3947cca135ffc75c5a54ae6a97fcba6f8ddb621a106e6fbd0cf7ad116d30de7364de995809c7ef90f0f6d22b5830ad0311384d885c0902d91efbf496b4f26fe928cfc7cd714301c9e7050f5c95a87bf6da3cbfaae6d833e9e7fc95db26152083ce112e35f37b102aeb3a8768cd30fb239f321ca52996b80e0288c21a14e1a04503937c3030dd31fc8adb4210671a6209618528e3f931a41b6ed4cc5bee95cbd6c74bde54669462ce2c1e077fc855a2ad6342987ddd49e41bbf8d9422a2787b7ed3acb88523b6ae2a628a25dc31040eb956b8e1bed282a1c38c929fd42201b1741c0f373d4cb906649f7963c7492d788324b48bcb21962f48a8f70ff3a2f4f6d53362e126379cb29f7aa6ea45a0af5914a7d7aeb44d97c7fe3ac49ed394fc25e6ce3ebe26458ddf91ae261eca53ff1237dcd1375dfd5b9ce5db7b72d50d92bfc463d856a7ab0e22b058e4f9fab17bd5b54e8a797415ab88a2d5153ab67ca037b246aed298ba739e9314a4e5263632af32cd11193e112ae1f085ad4038755b0a0fbce432134914b5cddd9c56be8aa157873ca4c3869a687ed1e30bceec79567a0607ca1cd3f7a5d1fe8eaf0fe9033ada026e7c6e857a72fb292d8a6801b10a259869e40cff237d7fd364550f77599ae98543e7aa62e138713f5328e100971a95ae0b440c6788782d8c2faf164a08a9197e8580e2b6a86a85ab830b5d6b007789db6e4b2e53278acea832cbf25ed6954cd03b89d61080c2a4ff0616aaee5b73f57988142602590b7cde3a905ff47a605efcee0ca9943d5ca03e957ce64bf27eded99ba7ba2c38a66ec0c42014f37c75e41cb23e641b119743c7f2f4ebdd7bf24cd507076416eda24475b3977dc0c0cd926f84e8dc21ad2668e0ff9d6ce31b45e0104ebd068542585904d5b4229058194417e6cc8dd661577d7e6ab07a60c7a9331f1dcc4bfb24383f6be2d1829cc17e27d4abe25a7f2a55b2af4a7bca1d524874df980075dff2840a8460cd56158466dbcaf0752cd7d5415638e9284ed2e59d4d7aec5cad2156793fa6dbd402fadcca738eda10c96de915b1c03fa322716fe6e93470e8d4e9c4f0dccaf888dccac4a33995714159a7d3824f55861fcaae0c6825a26956d6b29f93b454919c2bdfdbe53e29e51b99a3acd92fe9e2f84b0264945465ec9383db7b478a4f3f2713685080f3e0fe222d727f33f28910103835384008c97c43d0e0ca4c578916109c47ae0e02f4be117e45010df2915ec68a2156a144afe2b8a07cf5d0a64c3df1c633ee5c2fa51992454837588a74b618e15ddccf0cc5eaf0ad38c95952ac3355c2c0b81d42ad4985f6f96c283a02786ef47b427cd112d14be69dea65a23665d798de83f7f9eade1cbff0ecd3a750d5bb24beacea8d03f9e5afc80f88e9a1856a74a08440d7a6571d11e7fa33296a4278132b7fb47f718d1af275902e6642652d5e375ec7a04325954fedc9add4622922893611f450eab0a654a962f930f446fe4efa256d3fc46a4779ddd747d40d324fb5e784fdaab338c22ef21c38df65ec1e75dbbc48f5de81dce0e107f38f412cbf0e2bcc1ab1eb94ba4f8a86b49049d14f1759d6eb8b0d296a54707ee1a2b0fcc2761fef546d47f8ab9f48d818c2d7f13dfb126068ebe83ed8578f09448815afc92a8a56b084d6f5469b4875b859f04c284d5b9f52568d6f4a79a2dff18a5853301b8216d053957b5a8170bab2b296b40081bc17fb230472616ce9bea66a93ba528a756ae4214144ee999890ecd39923428bcb219053238ad40ce1357193ede400fe6b1925f7a9ac07f9b914c540f04e959dd56285c29909c6ac56f4439a852c10235cf6c6919ad3761056b50aa5a72194fa602bad0d084ffe5542887fda20d5a79b4f686769e629e128bf97c935774b95e71859edc25ae083eba785cad25aa1c57a1dca0572bf82d367d5b1bc336a62a87d8dca0819a587502d5c281c2d2a5ff13a300001a3f2fe2c39bdaed276610ae56bfb72fc2194b8dfeaa47275bf0c687f5cdee30bd21a322eb428e748d6e93c6c872459422c55a610a11069a331e7166d2800d38930f1063f1ce0607b6c3c79fc993db9a55841e4ee9d7681c660722c5375952cd3f59c8450e12eb1224897c9075517a95cc5349f5f8cdfabc5abc78c1071853bd52d5f1e504fefce0ec7ebb3f2f1c102d5463eaf81be697aec1f66c3ca125d6721a45eb12505e38ee4a7df35e5602596fc8293848b6ce8d41d8467cd4103e63001e3732b8748368435c965b1fee915f10d114d11ccf056e43859594b7e741709962594ed9f155d1cda94e9822b29613b0d1b49dce3feb4e2aa820f8e16977d21d5a1df4bafe17411c82f8e14a84f8e14560b9c97216e388f5e48cc6f45918e298c008ed33c0fd1ec7fa058f74a22340b4788dba3f9df144a6bf8f52ac9c15d27159d7ff74e556de5208d02943703b2d5b284f26a5789d307254c0a6183e3348512cef0bb0811ce98529d770c3c6917abd951c5ba591f3d8ae8a9444e13e15af37de0b598e3f4d04a324aa6ebdcbd31530ba5847dab461ecaf303a38f16e81f0eaf8983fc5c0414ab827c13561021aba5a89cf2b35a24e194e14e25c4aa9d369c2b44128e12979bad327dc42d42d01edf9d53894ad87ef2fa9e9610b5397f166d2a7fd99ca5bacc8e546faf91422099a8336876886a37d25ff5f6468fe44e75fbcc50f5d4ae9c7847911c7d28bfb4f7f20435425ee7c8ed99ba28c84542af6f0664a9af430b02d72594a40c0fca0b3b72b2a2eaf32305a5b77dbaabbccb90736eb22bdca4f444767b75adbe0c853d10c74ecfad3c6fda8ec98707f34e7c195e98362db2286d615c69ac4742597c4345d364535a45f8ce8c8a3a4553f653290eaadc8f0221991fec2761db5557b870b2b29634d7f17f885524a74715c7607f637b48cd8d34cc14c8a3e220bf8c2c2e3005f2dbf022c929164a1b45919a2920ec6a8aa4d515a252f570b67da5fb01161709a1fc7360b1fad7017bc10ec298186187021db347729b21288e42e922b93284093b63c162a345e2a62dd93a4f89d0255c20ce77953527ffbc4bd67ef410f7b9325d8be492d85235475a3896ca295a39f0dab2cbaa2a668950ce8eb2f74022876916fd0c378a75ccf7036183e37c4f8a609ede9aa55ff767210587a7841584cf8c2a8cd9925216157cb23c715c706eec30b94d5e7955694e5955151c6b5c813dd709418418e314ef15aba640344da11c6f19f80e510b3a519172b338c901fb0af46006d315a3ff1495b51f6cc9904101bbd447cba3b548eaead8af82559b7599675fde6b77ba8e489e52f55d99acfa4ae87af8ba1405d16cf7c432f5b24c558acc3e7d52ae8f99125250b824a628f5b343f989b8cf9747f3731fff21ec049ce20d2fadd183d6b5304a4f647be9a16dffd8b21a0304ec55bd29951f1e2c88ffec6861ecb82385f1104a677c6539bfac0e015d915416bb3de3f4163364bb29b53c51729cc9ce0433f0e4e934678542ad403859594b2ef6d87f97759f5a1057123935bc3009a6897d940eb16811c8481c7024265d38540a53208adec9e54a4262722a621327eb2fc614a9c764958a5fcba0ed01ab64cd4219d3d653966afa3f293ae921452277ca12588744002006e65c578459875a1c267292b80e7d9218928e9ecad5c6483a08c70a07a144f8b59714927492b1702e423b99f8b3d649bbc8b890621dfebc4e44b4bdcc397597a1de33450cb7a7dadb43e0ece2f2cf147ac5976c784e8a6d7e266284293a1022383ffc41d03e357290282e82303e20eeb7bde407ef14c787e7db9b519e1295733ae5e0c98ae00531856b17c7161f4e2eaa3a9b58507972df89f2b8e3c567d409597313ae3128f3b44acaaf54872557897074968463f13e719d391ace1449e41f37a7948507ca63b4db2c8b538bf0ff66affdf59939e067a5d5c3b636438d3994af9e940109bd209c87ec8b51bbc976742692606e6451e6eb3254a1f374c91b6e3ca57eb3f4987a65459ceab3f9e489196105a11f05e51e0d385e9e34f2606eb8455c63de0ccc5df3f4fe82330ba28bce8e927de2de3d79eab9e5b2fac8ecf0b41b7c338ef75e7722e7b9809c348fd8d27488e3c7c1f9c908e55a197da82069729873c13499125194569fe394fd32c19ae7348433ded1714a819053c174acb2850305a1b967f65f8995b52c10220d38f6dfe6b8ef5844722e070e9cdb50d3e49778e89aa4d2b445b1c5e9aec14555ab93cab438022fe93794cb957b7c897a5926c6dcf565901a216b210e0d38a53e9003b5b5a2153c295364d0383f3ed43e44c01a6eb58662e71aab78a0cf12a207a144b8d3144ad3552e37c41255ab66610f2e83133585d2144bfc8f102c5820ee71ae845b674b952cfe5f6617de62719331494567d23f0e29aec01a8dbf925cddefc48542946580bb1648bc3e3863bc16843d3b6f3aa5fb43219a93a34a4b36a494c6f82495061f385991b0e378590a2a68abceaab3fb33cb63c2b22b72e2f3ed4208d778a2a44aad4d90d5520a2a711b952f854e70b5280042c815c54678af08590f94e10070aa93c30a8e7691b1782f48def7f752657bbbbcbe059112829562a6a7a56d4476e2aacf8ee4ed46e8b78d1419e1bde1356366aca340ce8e280c36cfbfb93727f11ebf936a7674b1faebce1c75eb969399b81c22f9defedcc015712561c37666c6dd36ca3fbec788ede9bd8407dc8fc5bd2661e73b2467faaebc9eeee2487b6c3c9163869ead88bb8efd3ca420dc14bf49a10569e3453c3f33187fb420a52eb17414ce4571a571ce0453f6cfd8b529e531bea9e5b13e0ec2e90ce9fb42de333e2ca7b23e014d12f7e9c30221d20a04f206c77d6477e6e985122dd4dfbfe612c9cb4e28f1a5917cdd7208e46cd938c38f16972c17513405d2646db2b83f119cc19b32d410692f786c56a87d56295a1e8c316c00f35d2194ae2b13f59a87378b58ae4aaed0ad1fe6ea20ae87cf15efa080057944b385c30cbf5a85d2cb387f48840562605e6e0e4687b8595da529968bc449ce17a19c175da2e618794a09a11629fb82d336e3d4adabb47ddc2c8b3fdfbebbb08688572397eb458cbd4fa84992df4461d291eccad0b882ca60a9008e03674420b3251779ba4a9d09cb3e7d7c77467958444e85c265104bb95c1d4e2fd36e15d5c008b79a454caf196edb5f9c2e1cf1d7c1796a7d7269e8f2b8e2e01edbb2cffe467a22274b7ef576599c7aff890af5a8e45eddf69c52224afe10a6df6cc98c1921f9e29f6f963e491983e7285c1f05e7fabd1f94bb469ca487e9104df1fce040ae0ed16e4c2acd86480e5b1096d2ebcdf5a71f95d61ebcb6df4b2ef4c1803cf507a9c0fd8ff487ca908214eb63405cf1b84383726b3ce784d0027febffa30fe7ed12f10cad4d103f3e945fed3c470a22a6b58a27729db28f263b0ae7fa0688a5235ba5e2b63ee114d779482a6d97b340885c612239cdba2fc80ffa85cb13cb12664415257fd58c4ef2b2134a246cfd334e07cf89294afb3ea624cbed48510d714498d557708fb387fb906bebf0daba1ae5feb60fb6e9316d9f061768a7871c1f428aa670f6599da68776a3a00642888a56b46c401cd1b40f47086705d7b53bf35c9ed2ea2a91b3b4b68aa0c711cf857e4808257a2eb5301a62e98530adb8c7c5d23ab2106269e4f6705bcb64212d92b6d519df8a08cefedf1d7967fbc8f254706d9f890bbe7d4f917d0d483d65484e3dd3d4573279072159bc8f98fc4a3f1354aca2b2d52e825509898595bbd34baa62324bab94846275f8b9c21ed1d58e18ce7383514d8b1f0808074324117a9e2d15bbeb134be2e14aa78417f8815feec8a9fabb843a25cc2bcb6ea1b7f2b81a63384960f33d5125ee523db13f5f062514aaff6c3f19eccce9c1a59ae73f3f9a17383da260f78722a253420b8e6c4a2e4b7119e855fe8414426119af0f648592f6b238f34d12d2fd676051f50f9bdedee9ea8eadd98556b1fcf450fe79454312aa75ffe0e0f9af61d8a17cff9e32a716e7c50def11418db28ae05811c89196702dcec391d6e53a219c709de22c231b2f94e549d6702dfa3725041b5b5fb8f60ace7732cf79e50be444c7cf7d636a7992fcd84c96ef52a208656473e4242f4ba13462d051f865fe5270611542aa2b12a4a045729110462f393fef58b1fa5c1c140eeac8dd3d2003bde1aa74218dac7aa1d7bb4401878cadc3925a5815e3893961da1d99cb6d61e9a6de22965fcbe0718821428d10468036095492a21d03d7591da52994fe86486208004405f93de418d18ee1698cb533c55257cb22b49a681f51b74484121375209e86485a2b04ddaedb9095f3a214cae8b0aa8c8e93d77de7df64c9aa9192ebbb4e44c2b62643170375de70b244c2c3cfe3f5a22a562a80f14b6b9408de7238435967b30a95adf88370c6e65706c26d1ecbaf3c2a63da743e12ced2cc439aa28e021f8490b1bde02a51893b7477f6d9bd27ca83a410a80061dd55892529c15915d959a555e5f1f9a74f7d1b51e02fc543c15621f58a2d8eb95d5ca74df2b15852cb27a9e4e8da443b869bf37714acafc30b62aca73f1fec5302914485ad2e825a9cac2700a1c2f617f203e229b90e2d25ff27216a6cfb7fecc889b40a239c656d7951533847589effd5bdd9bb6d2bd24e3abeaeb147f383268515c44100c581a6353444eb885752c34533e044edd5b4280cc20084ba43b5676251657b85f7737289b1cb5b1cfb39fb6c25a2b2474c51dad2f8d22411c8a405b1a57b9ababaf5b2144a845a317e08158663c28a0b5e973ce3ca2459405984719908e4861459ac580eeeb1e21e51d10a1709d007885542f44a211fed70da645ebd2a0426c518e15834ad63f5102c4925bfd4b5501e3184d29c9263ce58b5865fe13c21a01026dc06e288fb42102196a668999377b61a42a9ab650db144db080412a2545c79f6797390bbe025f4b7ad481fac43aa5ec7d5c732ccfcb3c0dc6d86e3fcde3ab2cfc928bffec6b6541272ad2e0032a618f533ae1f2d42ba49c2b215c879e2b5432431cd07ef05af1bef05d5b5d816b74b01cf2c692f91dc69415659558edc3757c2b545d25e9263866bf119e073911d3b05428942a280f4f27008aa299ace981c96eff57948bebb08660d77698a240a876e7976857a4df29ef661e569f653f94104117f4a8649e0c7cb7dd2238acbb0edbf95694ab8ef3bfb7357bebb3fd70beed16d7fce8a37f639afb6056e41b9eb9c39ddba90d7bca3ae906d3d4e33590ad1d2c092f8d218899024d72696db8e57c4ed3951d1b0810759a7933145a8ae1ca77ca61baff0b694bb2840974f0783237b4f562ec57e2fb527a988287e135198b82aa96ce38f25922d5a28ef7b77a3cf1fdff02deff7ba4f51ef37d7a9e7bf0c54229a6abf5464e2609f6a34bea31502a2839c2026d7c03585e756e946721d76b52ca905b13837ef7395eabe142b6604552fb1d56346a8ea262b597c1198a3dde34e6320faae4cbbd8f91963e6701e0ecb144a8457f11ae024f1ba0e18215ddc1e22bac910d9f59611755b2cae122ed4ac943544b27acad0e284f2670e679dde5dfd81799f38dad93bfd88c3b83e977a764088e459bcb6f233aadc104af37e470cc15d2854498e3201e15554f942141162c6fb8778ae889321033995ca452a78256c5b248f5989621f39adb08ed5832345011044167da7274aab8ea614561edd9c5aea2742b9152e13d425985616c716a59802fadeb741056b36c4a95181b9355627a981cf49bb78ca29d6b344f8f4cdc09cc0da42bc70908e42d95891ac0d09d9067e115a70ac216289f693d931c571a6609acc8f2d899503436c6d79cb80068a66435c272a6aafe01ca7757d4ee63a5b6805ab95cd691591287e435e1fdf05f98e248b0e60ff746db5cb6cddf8c6fa811841d65d16edc58af67f941e3a33df749fcf71d55da6bddcf0b887dab8ff841649aca7f8f315c96a81e4bcbe3a5aa40fea1049383534f86346a939dcfbfcc1d8abaa0b60b4b39459a13da687a86e73a374081540000144c2144a881d4419b93c88219c246e039789902c9c23ee8bffad8ed274a4c879fa38846dcdd612113277635bc0e50d90306831c6e7d9d69e50772f8d54c30232ef31aeb3ee24fd0d5c9cec842e10490c1290106ce5f1736e126ef5b071bb81c67df137188229b77f455e77a6d92f8a61037a0595f8d233d38e1478ca6d12441cb788e8c68a60e60a3a96ab2b64452431620f214fbc5708a54f72798e8476fd11e28d2fa83c2ab73f895371ff79d876f87183ed3529a2a84ef1f48a2f0efcd5ab6bf33a3cbdfcdcd07501eff14b995684f3a860be1a615dc365620168ac9f392c28d7df430a8e405389e085d018d729d57c0956c1342f9f1f5b9cb6c060757279ccc6d4b2245338e5201257dfb083c6ba4ee43911aec5f92b386ceb4af1fc5105d2b5aecf035d0db25f274b043105453bdf45d9f7ff5d274e2fbc149f538bd9705dc7edcdede37d5cdde79f53631880d9c23152c27ef719851abf9b7644759541e698d4829170702e23c401a1b0030c94b511bbc901d27493571b0befea5ca58462cde21e2c1d752baa442d93596e105789b02b041762680a25dc15ce9b62878218e4f3e00e71390a61209a18f3b6c718f7e64c2c210ab83f38620c39c06d65766ab8c336796d4e5471c2356bd2a585225dfdc54756ce9059a88e83df8dff879b21568738bf1649bc564bc8355b78d010c751c6e93acbe30eb03cceddc24c61b3515004d739d910d403c262ab93c4f36006ac08a876de10f90411cddcf2aaf85365551922d4c1c88b8a60fa63b881390108fd9400b79f18559a7e24bbc2cf37b974c3f4c8026f08e4c26345bb712ae1dbf4fb46fbc763003a3ed72e5f1d3acf4de2c70a7e44e1fc751049f9f1d35de6cea218a8318226ee75a5251cecf1c9e1e6134f6baeb33697f97d7451f5200499aa94e6e83a4d3c124a63adc2690c3b486c8c704a656d7c7d3d9d57b868d279364f6bc790fab6390412fba0b453a5c04522d42ac57f2966fbc7a5eab36d111bf1a75b73f22180ffd87e6e81e15fecccb71ffcbc33654c5a8e1a2cab7e9839a8bf4bfe095357ae7f61957a4d5ce55bb2c4d4f0a37651853099ad0c7aa8b751a853bd7492b3a5a34c6646a943d2d2109567774410ca50432c8f18053d103bdd947fca7e403605150281dc1c80b385ab84086c358412e03e783c08a399eb441e4fdc5e8ea3d0090b702aefe9a1eb64716554b2ae3956bcc1c9f6ebef64a75c6c8aa48472b520159d3e7bda127235e96b88e5644b75adab8353450ed4d3729b678cfb1d14a6083aec0a714c904a572cdf856a5be45b5119eb9550be4ec471504e7955a4e43f4b2094a8a4c536341d2b5eabb9c0353e376b952e300536b5a8f294e43b0fc251568fa0c31a943264bdebc4207dbefb985d3aa2609df17afbfca8dcc68ad7f8907c6f47472b05637ed29febf77d54a1bb885bb309a7b30a5b47209673628a636b134c206e33b2b61c67435ce77e09d3d6b6c49833d7d90a42b6738d3685a729a00d9e9c33ad21dbd51448e91fd661d685b125c9667fe44cfbdcd68997f2bd5cf28d79eb8ebcc5b76c3ca9fbde4c91ace112b09ea1e7f1f344ed973eb22ea11c30fb498875736a857a505698c0da8a4f4a65e8b3e2285f14fa4be816f33d6d4336d9ab5e81338194102d56a098b92d4de71ee10e71200722625a0ce12a91033573a11039dc167f8610e9560aabab847862862cfe87f0ca41274bee9f2a39cb5322b8c9229601e230e7d4b17d76d5b684585df948479134ab5c1d2a696d86f83d5c57ae538a726688986f91d318cb6d861ae279544812c6e307027e60203769e65cb71cd7daec69294c029fc289cfc71cdb90222d6ad8b638455e14430cd62697059a2289702d1c2942b5f83fa3e4cca9dfbeb8ba109fbda3603aae478953ac59f9f1e10b767aebbe0c2f5803911471f486483a4304d44b062e9c57fc3355eed714c229af7ffbb890fc238d197c001115279aec289e08d7ae4b2d8f72144fc905e9a5c4ea2b12424b8af4e5c6d6532084b695fdad64916b6b8fe723ad794082916f1cd2d06d2695f3abccfd0afb9d845953a57033c19a6a308a762e790bd025dfb83ff3cb56cfedb08be2afa52f100df5e829c4125738e0f71037a9cbff21683895020de4a3ccbf7f0c96b513253c79954fa6ba49ee7bfb8e3c3541ae9f2b3d892f4a1876dcde6cd56366986afb92b77d9d41845e053d0c7bf631fbe38ed8a17c0e646a514c330a85103244e5264ea5a5428b5e46c9592d8eb81ed5b5e925f6ea4e11a26372fd0c1147974bb51d45a806caf64a36ab5b4d91347b26e52fc0e13ee83d7ac8f2ff58cb700373c7df2b3f0af6db96a52c94093adb23b32b171b95b4b7085831fcb8e12add647b0c47afa9b9aa4950962c809d58fe9e5c87bc6bb4995b458f267e802097ebb6234b0b2a2201f8e1f181b17499d54d261456866332918865119c25729db8bceb131e951da4aa190b2e23148b1f44582e0b2b84747a7793ea24b9eeb652c53cfe608ebfe908e74617068cbe40d1ac4d24adc897dd29ab134b36fd98e15a67eed399e394d79c243d69f175b5a36c3b5edea0706d7d3d9d463fa74f2b124e4711bdf74a1251c32d0e6becb6c0c01873eca82990eb52749835c5dc2fd1fa61e6235bcafbbdb46ed23f6f310eaa084f4228b1d8300ef4087122c48a03a834d7db5b001c7251c84f757cd45dbb89ee7322d5021146f4d1bd7ed8ee4a5f34729570aa0ba581ff217197bda4a803075488647b595da2831c545f99b44f875045e892e560bf58dc939b8861ff2bfcd7df00c315bad4f14580e8ba3ce69f1db626b9222124bbf2a8e10ccd1ce629e3fcebd650ad54bccef14aac186ee431ada20c47bc183f2ce61b83e1f139c149a2ed04e7312c40f6890cdc47c4b09bf0169c24aa66c521e78960e65945f493ef83c3ed8559967526e533c5ca21dddfdf5c0171fc2eb220707654e151c730aa296e08a34a98d50f394867b7815bc46d64b8be7b43c4d237a574ae33b194bc61731709edb28ee2abc76dc6d512aa4561d0796d298d2d0e325647d1ceb3be2942ad60f87b4342b9a61bbdad25f5801a79c5db8cd736e642de9fa49b16eab9c4276bee1f10c80da96529d2f29122df31bdffcdb414ac35e5125997bd500ede97afadce3c1139881fd6898438be73b8a4f6d27f5328c707dad71844de71d2419da77c5fd69a448e0c55a5781c1c7c871e2e5623640165b32007a15311c66409130e661ea1869bac71996c3f1720e72709cf3b54db6eb5f4698eb6dc2fc0122676311ed7fcd1e12679ccb1f8518222ac5fca30fa2f8cd5582096a364a931f43e3a0933e3fe3e282c1271bc5f980d9184cb04280cda1b57e0ffdab880f8b73edf95f2836f5c0cae97d9b8e1120ef7978a4e1403ad7014411986b0d251e4664717aeb35cdf2061ac0d119805b5394c13716b5eb3a20a9bb34828785258618366d54a9836de99789ad5b52b92caa3779f68bc603ae63ceb0bdbca3ab2916851696561dbc6ba5353581fb1086c43b8d7729f21c6e34c6c8ed76956499b58f703a9cc4e40352bfae32d2e32c1285e8b6f89c7c84bfae41fc81c501c24ab05508f604b51b675593544b148f25e3b2434f775c43901bd4ec2a81d062cd3eb0cdaa647e8058d1f903c2572958f888b7c4c785cf2954f0bdf4496664918d2858278e18b62d722aa2e4e2a7007385c6f0aa62db7fc6c7fb49aa01d0621618ceac38f19fc80c1a0f92e5b73f32cf94c6b5e73a333311741bc55182ed3857623448bb06c42e19918d3714a65ed3a114b3f19cfe7e1582004e40bbbc199c8cdb73bc93a85705a44819788a907c4b51ed1f4915fceee7509e6ae13151be06a9bbb350545420dede934c433b1ae622113771990e097569e7c31222aaba724ca0135b9aed0ed153e18e18a009f93c367a7f70be4bf119d404fa40cd448b2ee3fdf46da45726278e1c796ef367e10df4fa114308b13eec2e69b794e288d5ce43f77e4a88e18cd2697df2783ae1ddd6475a84d725110cabfedb4df06e3dcb014d5b4c8925d14ba660fdfda9c08a55520ad62ab6f2f55c9c7cca22d542763392e8061f417f01afa1acfe96a3a57c3754e71268c75b12fb362a288daad8ecf21970d9a77ac64d1f4e812f78991a57ee3224afdc4696bc68597f849b18f8fd5a97e2d025a9f787ac4972c10915e519fe304cde9381bdad369b4a8243744344de0409bc27d46e45626d615be9502b93dada4dab6c582d0aab3cf667b7a458a19be5f99585a63ff40985526ece85c240ad5647fec68f9fee23b792b1da529942b535577f70475834cc3d1220827e995ae5d26fec6873909c17aa5ea020e88241ca51e4537275a0be49b070a0b29602d1a2da0d243da1fc55a584acc43da48861d2a4a3644af7f2d63f8c6d622906e0d795ee3cb375670772292531af218228cdd046f53249d01e19c1c5eb8d22a9cd31a11c29599c5b36b13cc9589253e8d15c20be9fdacaf4808fd9c8d114cacf263ae9822e30c63374975edf6e3153aef09b6a557c4a2e2d661da5042432a6f6b2b1e82783274db7c20af8c10792ddb3e5686f7577f96cbe2cf15e9580b758cf9c858f86090838bf463e8d5811e9e49f91819d7438a71aec78080d5e95a0c2194a88ebcdb2b51f7c8997492c93c66b339400b002a583d13cabfa7085d11f47508e73a134fd786b6ca3417228a8fd5279a408acbfc26d985734353e537a55868b57772a91f9099c71e33226b779c93c2f2dd21d6f28b7d4d73b84e38cd860a260a36bc12cb12ad4b8d79a75484d737047eb37d5dce46b9518ce94328d7ec016de515b7170d1c7b6daed144220089f259557f6ef279a738ee030e02e9270b287838b8c8e12df5d874499fbce7d278178caaebf15d98ea3df570750fdcb40339e7358d9b853b26a66022544b8121975034efac4f30810c98f79b115db2560a631a2c9a3b32cad7d652415b2d9626b5f45f3668966e63270f59e7d736c65dd6858c294baa5ee43ab93cca3bb93c76a3ccf974d6ef792155b8d690aeb42e45489bc28e7d272b7dd0ae40313ccf31fa38c9359e875436a3ef367653aa3df728ab3a25cd76f2d94a0e32de2a903bd3cbbd0cf778a72190de2dfd7b7ec95f408fd91121ed46ed3c4f149de2e6a7ba4af10ecea3d9dc586b92453aa42508a6774304d3195f4595a08068ada3504eb588d9dc98a2795bd2cace55cca697af73144b673da20d1d3c0f1c07c30fde9b5367ffa738d5eafb4e8f9441f7d185714d219a709fb2666782b3eb30d20c6d2c1b52cb132e26075a1fb5e446afa89556109e4685715da22803f4e1d0e38cd1860897d708937b2596d4fa399a95ac884818fb8cb799f258165fb2617b7af93710cbcbe1fbdd225e44cfa987f34d318453444815fd8e5d5dbdabcf6335109ce2faf6583eeb1d29e2991bb79a0769d282c4f25661ca850aa6c924291a12e1f1ad4bd46644152c5a1a57b2a936372ac2bb06bd9f5299ebdd18b11477e9f7e1c15cafb78c15551a311bd7c3fa3822f2dbbf8b2a3c2207ccc4a6729d75b130ae24163950c979368b70222fea38ce4f2e4bc6e8b583a72a83203875817609e4f62e840bcdb7e2be785ee46c1be2104da47d47bf673877ac4ee3e8eae11e7f38569ce4ec73d0bd906185499f1e29487bef406ea0255fbe1c02292d51e63e3af672fa6eb7a4a1e8f91d3e0e506d3ff2576da558a7bddb96f3469221d4da59e6bbda26042bdb8284281e9c490b17ce415601b4140535584c91e7945fe5de3220defd87982277cff8e21a2e72715cf1a6868672453cbd6648156d63841348aed3ab917372f5926866381721e089a1f9ee5211bc03e229e1b994e6144d38526b2e1448637bf2fad48a48fff48af3da582e26945b4b8e340e4e0c82d35071bad48883c610000cd44f71268cb20d93e63ac93b0259d94387563f39949fe6762017cbd6d5d81f161c2b9a7e30abc2ba2f76bbdcbecb2deac5c8bc55b76b87fa69a134dda539cfb3dbab6b55dbe7569a2d246379202697916042183b3a29086a94d35c145feaeb186e05527a7fc183116645177a4d6db8db5c39e6c8c5b7a54c08cdf772749e4d15b675144cf7f8b258696c8f931c68ac10ef28a0bea9e561a620f8a69427c295ca8ce2630d114f2c6986aadd808b18c42079be7811d658198ca14178f362450f028dc7c1e3e1b16b11f350798ffb9d15507948a56a6da26809ab6a719c185a90f6e1c1fc6312a6df2e0ed23147be665d4aa9977cb67e0beca9852997eb77b845be281922e0daf5e5b5f95833b2fd5312667d778b5d20e7c5cfe681975c81420a9739b6410e33a2ccdb99589a822995b01ba4a8c26b495c71755b8ab8ce15826f4384735562899f7b7cb1fb775105eef509e7c50a261c278417a032d71c406fcf791604cae8c0633f46d8d6d3a11ab72ed64891d1da948a186702d39c3953b85453f88008acd3010f180d57dd7a73bc221e2bc538b6df3822b356b138785243b69599771c77b42051c2f3bb109effe0608df6a2958efb89fc18f3be1c5d648b174a425849abc3b6f71b223ac84915ed9a6931651ee232fd24ace8579b7836d67d4a78142ecf57fa36eb1cc187d9b5328dc77b526841b30c438078a21a17075aac0d8a955ce4b5ad84fb6c0e01956229bd20b64782769eda859a3348679f2b304a341d6a434455c6b49d87d94fba21ad2206ce153da5c099e0619a8da3c86daa6788bd23f25c29b2b663acb3d7874ae3068a63bc6530801f42abe220fd46d83fab75122170fa434a9ce4dae8bccab5a870bddcbf933c3011727989689d8e737c6499972cdedc20d1948ac5f384d2d9010f43130232caeb9d222439d4661fc3e7d0e3a9739f08dfa2ea16028a86766947d04525cd5e40246b262e97dc6743dd686391c74e5a0b076be09b5a1103e133ff9725a8e22082b509a115fc0080c803f3078033be8fd2c4ca368c3585b196e2ad75b5451a20908d1de841a124845cac284eb138cc06e734e13ae1381b229a52aeef23e1d9e5f5855b219ad2a6e2539f688adb74b722bd764d92df7486b81b6f84005fdf978b30a0bb79f997f6d7bb4746a505c9526387200010821f239cdb80f697448897571d615f5c678a9b9163b512675e071c0436198f5fdfeb90229cc4e951c5b1e620000823d63eade38789fb9775ec1b122ef7b608e4f02be9bbc80312212d5728875f6cab8995c95165ee0d759b4072957e328e6c8d196a5d9e500cb7b0d2e21c6a5dcc5a56aaff519ca763efa795d7f6e9f69675754d1dc2c8beaf228a02c58986cc8cbef4222ae2595d70b4d4617878639969384407c798280538873020bf9e51861e68159a584b58d5e1c7939f11623545f28aab25e1018990962f981d85b79c384ce42f675f886836463045dcd6d5267a8da9b0c5307871964badf743bf27d6fb94f0e99ac6aca032a21e917464c8fe1c5febff8eeed301efe10773ddc1a8e0bce54383f27c4704e7effc22a4f0c8e4b0a290af230a9d862c2f95d0e2b9e10e85d86f640a8e2cad963821b4200a3f02ea72884e461e36aa6d68516c91a3400ebf52bf833c101172658a69bda018a8a1854092a3f472269472f90609dbaebc98b53b9d810331dc0c9c4d6daef0ddfdb95e227aeb1a2398b5f17e50aef7d020fd780dbe8f847cd7d7b5a419805821a409205e226291d3228bc2904f05925b3d26ff1f4268d804e30101cecbace09d00f7371fb3313f26ea2998726fac382e8b2ff6bdd0850528948490965a3ddbe849415f44967acc892d5de34c4465ec58b5608a3b5c575b652d5a541a2286e8e1944ad675d242e02eb93b7759a2cc4304644d7d076c434431d4e03c57f851b0768b5a488d537771901e4d21a8b52195a0ee6e41b9ebacad12cd059ea7be1f08e2a0573bf6348a6377ba5df119609b6320856511736b88dd4f0612ac722290c849766c0ddf251e5008693dbd9a1795e3140175fffe58a95763da51ace2290b58af7474a418fc2e45448d9e16d450509dd95821fa508416222be2eade1ca28ac7b522b9d41a4ef69dfdb91e105c30c2f29a1cc55efed7a306050f33543cee68be9ec18b1f12cedca28c34445f237a6c9dae998aa1fde66df766562caa451cef6a6ddf1f1e4408697d5382bc9bb248082d2922a08d2a1492e5c2e04edd2196726a3d50af412f67730927f8d2e248bf3c7f5c1fdcd7945a42bdde7509a0e3f368d16a000d79bd227e5ee29e81c7970d7c9f16516c50b8db186fe82ed37da6531c2994849073c2797f538aa695a9d1a5eeee090d779c92eb5c6d3d7023242b21413f19c0adc1415f2e9b3b35bc7985f47246b6d7fa0bcd0b3b88e370a11bbf23144a4248cd7ca65f738302a2fac4b3b1b36ba5208622796eb9b37ab79784badd3d134a3cd72495faad4ed2630fefe0778042490869b8607aff18825997f394e5c31aed86e65b726be4bc3ec7b5b25d7d9cfc28a163a45012425ac2a0830b5d9373eeb10b6b3b9110ee8a5549a5b34508bc9cf4846afca5dd65ad5cbf22b1d4dd2b0115ba45ee12daad5774903f95b5409b54c8a6da0787e3f9dd9b3aacec441c3154bf23f7730a2521a4e944f3d6c6f6673607328ecfefdbe8920d179a7f93d55420124e07bd8b60ae771414094b6e80780209052faa2d4c8c294375854165d8babbb37541218a9277adadd0c65dfa151741c481386c5ff3f65816ad314229ef7ba8f15addb93f53280921ad4c3c4d268afb94f0addfcc9812af1f8e95b8a3c5a121e229bd9e8b644dc91510cbf5a9e51b1ad3ee2279bef54d3d64013888b5d3db7c6ba90ac67268229e8bb1341ac60cd6364189fb2d859210d232fa343156cfbda5086853f075b42e2eaa0ee1ae4a2af56b0e8134d70d95858edd813ccf1a87eb7ca50fd5bdbe61f48e046755d049522809212d5c40efba90e9402d95cf23eacf9dcaf50be0726b036164f3f1763460f9b2c61278520be457dcff28948490cb7b2eed635792805e0c8d10c129c25bc25ddc8f28948490d62ba0f7b72201adab1507db80ed1b144a4208695401d1a0cb5c443bd6331d69383f6b0a25218434e764a1cb4148c7d22952280921a4258be95d16419d7d8945938249a12484902b26ec7ba7c16386d05a99d240865befc76d4ba1248410422894841042088592104208a150124208218442490821845028092184100a2521841042a1248410422894841042088592104208a15012420821144a420821844249082184100a2521841042a1248410422894841042088592104208a15012420821144a42082184424908218450280921841042082184d05412420821841042082134958410420821841042682a0921841042082184d0541242082184104208a1a9248410420821841042682a0921841042082184d0541242082184104208a1a924841042082184104253490821841042082184a6921042082184104208a1a924841042082184104253490821841042082184a69210420821841042084d2521841042082184104253490821841042082184a69210420821841042084d2521841042082184109a4a420821841042082134958410420821841042084d2521841042082184109a4a42eaa3fbbf170cbce531f7989b9ef63cdde559afb33ddf5a5fd566d836d5c1cd4f75796f53e54def6f4ebbfeed8def715b11420821841042534988a6e7531e0bbabeb04a3dbc29533db7af40b91d295123434bd5f3c125ead1a062f58c9c9a0c3850a4feb3b740fd767396fa994f46d5ad0ba2efe13624841042082184a692b4423a3fbaf4bd4e4f2f3ffbef803cd5654b8eeabaf994b22d4d55b64549cae695ae6cde996ad08142f54250917a3da8504d0e2f51f7ed29506d36e7a8bfecc853074f9d51b1f967d48b7e99c9dc9e841042082184d054925644c747960e787b8cbfc2df8ee315cab6e684b22d3fae6c9ec28a744d17bf1c75dfde42f5a7807c7d0a73d96653b6b2f99c5436df93eae7db73d5a443056a6c7081ba797da60fb72b2184104208213495a4b5eca843362689b154d70cf5535d270629dbc6ec6a461c2e56e3438ad5b37bf3ab2f6be39b69cf609ac058cae5dde6c7a89e4be355ef2571f1dcae841042082184d05492d6b2a38edb7fc0f6de16d566d8560573e9f2e26a75ddf4d01ae6d2e4cf3bf3d4b1fc2a555279567d1559aa3acf8d56377c7548f59e7a58f59c16221c55dd161c73e37625841042082184a692b4a69d75564c558797d6a8ee837db4b104d73dbf52757bd5475d2bd35eaf1db9a306f77e1dacba8fd955e3b2ce6376ab5edf1c19cbed490821841042084d25698d3becb4f0bdb609c1aaddb32bece6f2bdcd3a7bd9e5ed8d1a18ccf64f78a80e0396299741ab8debb7a99f7cb85d5d3bc2ff5897cff6b8703b1242082184104253495afb8e3b33fa79dbdcb8023199676d1f6c532e62263b0cf4521dc1335eda505e2f594d31998537beb19ea5ae841042082184d0541242082184104208a1a92484104208218410425349082184104208218470231042082184104208a1a92497073d97c6f7bfd9f744dfe678ec67824b38d9951042082184109a4a7225d1e9d915ae53f764a9175727a94e9fed552f7c7540bd332f4c0d98b84f0ddb975b7efbde621a41420821841042682a09399fceef6c1ad849d689bcf1e5b5aae3234babc13a93fff3c606d569f42ed5d32b652cb715b9509e9c1b3ef0e5c551c1ff9917117e5f40de5797ea753cfd43f8a76f79c6e6beba28523db22052fd7deba93dbfda55d88f9f1121841042682ac9859661fa08f92cc754b6de5f1e3cdae5ed8d7addc8361f6e57d78edc514de74f77c7707f2117bc6f8ddda36c23645f7ac547fd7ac27e65934cf85fe645aa1ff335b80cf4f2ec31e590b27d13aa6c3322d4b3f323d4f4f062f5bb2f02d598f529ea8f5bb236f2b322841042084d25214d408f19a1f7f4fcf6e8f7a0c3d3cbfb729b908beecf9d702018018baeaedeaad3bb9b55db11feeafacff67cfaa396778fde957addf32b75d0a4dbab3ed5b47f7f8b6af77180ea313d641d3f2b42082184d054124208a9955e530f1de8f2d91e75e31bebb5a184c96defb6a5f4ea8ffc0770fb1042082184a6921042082184104208a1a924ad0c4e94250d468647f517c6b67fc26367fba797c7741ce895dcf1d915c932b938b9ebcbde2192815cd0f1bdcd0f715b1142082184d054369ade130fb8f4faf6886bcf399163657dc5b13d57a78dbd65f3a97e345d2d9afe02a76e92da0ca44bc7ffba4fee306059fe75c3b616fcbf5529eac9fd854a866a699e082a56f7ed29d0e03c2ebb7f5bb6fa8d4fba3efff0be4275db9653e13fdb9ecb7d8c1042082184a6d239d7bfb8c67598e7b1cae9c179eabd5509aadff8bdeaff86ac572f7eb55f8df74d52ff1ebd530df24d53ffdc997be03237955752bf97f95edc98a524b598c97e62268b7effd5416d0e1f1773f84148a91a135ea69eda5fa4ba6fcd55b68dd9eaa66df6d35edbf3d4af7715a8070f14571b4e709718cc3edec7d52deb33d5cf369f52b7fae7d15c1242082184a6921be11c373cbf7272bf89fbf5e446dba77b956d6ca05eae006b2bfef2adf5ea6f930f28db277b54d7a73cd5df161f53bd7d32022ee3f7dbd7c8ea5dee9f9bab6124c7fe48cf75d18fd3e1090f9781d30f95bced9ba26e9e11a25e9876480d5f16a3de5812a5de092ae4322b4d6d281f5b1675dd732bd57d7e59621673d555ebb3946d5586b22d4951b64549f6d3352794cdf7a4eabcf19418cd523532b4543d2719ccf9b1656a6c6889faebae7c6d36c19f77e6a9bd27cfa8acb2b3eac8a94af5fb6d397bb99d09218410425349343d27ec4f70796793bafea535aa93fc088599b4224b61a8ceafafd3531e7b8819e8b628d6e7327fcf97bbb1340da56b333d3e32a0b734750654f6a5f8ee837df4fe84fdeaea812b946df41ee532d857f5fae6b0eab52a95d9afa6dbd6c9ff78c35779ed3aae76a655a86bd68a995c9cac6c9ec7cf994a80cbc430c24c227b3938b858fd29205f8d8f2c533fc497ab450915ea6f3096623c71bb7b77e7ab95c9a7d5d6f44ab52ca15cddb2f16400b73721841042682a89addda89db7c87a8a45378969ecf0b887fec1dfed755f75edc81d3519b553751dbf6fe71552eedadf309797a3a1ecd74ca618dbea99e632abb25fddd2f151f73c042eb0be22b8e683ad4a96a02897a529eee177f182f74f17abf9c7f09dc7de5eafbe9876403d3d2b44fd76457275b6b151208b09d3691a501fbbb1bc6a459aeaee9ea07a2c4f567d56a7a99b7d4ff4e7e745082184109a4aa2e9fde5c13b7bce8d4cee33f960f9d5c3b7a90e520edbf985554a264116dcf8e6fac997711fa5eb15622cc75ab2944d6d26875e2165c15742a67b40033f6317239b5cf3e0367a4fb2ae327876457540c8cc349a7c1d51a2766454aa7e3b72d5c7878baa2f478fe5f8b01235422e7b70478eb2ad386e3794289bc56da484f6a679d1aafb7c61719ceab12c51f5f44ae9cb7d82104208213495a435e05a4f29e9e5f0fadd1a69a65d1a605ea65ca619db9692056feae14fcef647c7c0884b5dfb826ddcfeb5b6a1db549b0fb72b5926a4ba8cfd2af9df6566449dd9c98e5b72d4da94d3aaa24aa9e3c555bad41586b4cb5787d4f5530fa99e530fab9ed38e4a197ca8eaf97d98eabe206631f70542082184d054121acb966f2c4735d250d6d70bf9bc61263931f6e28da55b13f6b73a7b8c4f85871b62268db2687dbd6df6b18af6d2abda497aa56519916a6379ddf32bb5d9ecf4990cde9a18a4ba8c0f3cbfcc5d18b12e451bca47661c717afdf563f7aa1ed3435a4c3fa5bcb7bec6ba9bcee07e4e082184109a4ad2e425a4b519b196685aa6342213b6b61ea338d43029dc0f9a3e5871b125b1639d18c4c9968cb35b3d19e7f3f611dbcce81c4c6d86a9ec2ce6b2ababf77943b8709933d368d2e5ed8dfa3630a2f85ffaafb5a1ec3de180db8f6816dd8400c7d75e3d486ca0579198e53c13e9d9cd93d2df4c190895ac79c223429655c9ace5fe28159e86a557b81f1342082184a6923406b7461ace4b65286734b0347592f0503dd70f6eec6b78d43f7bf890fd054543838bd4fb41856ae8c1423526a4586d4c2e57ab13cba7b5e27eca01b518cb0b1da0e4e6e47f372766d23103ed663c67ed07ba6f42efb1cd4fa834cda51830d5f5cdf5da24029cc7c024971757eb52596432bbbdeaa3ae1fb2411b51984a4c866eefb645b519b64db51de1bfb8190d64bf4ecfaed8621a3e9741ab31c449fd7ff6ce03bc8a3aede257a4480f824811455dbbeba2bbfbedeaaa9b5dd75d0b2a76b006ec807445408a14e945e922bd85de4b80401242082424212110d27befbdbfdf39ff9909934b0241504187e739cfed73e7ce9d5ce637e77dcfdb718a8fb45f1a2a372f3e2b37ff1822edd1d389de6f693fff94b49b1b24ed67074a07a452df362f481e5a192e8f2198e8d17551f237e728f9fbda4879704988dc35e7a4dc8ee5b4f9c6536e844bdb6a948734ffda5dd83b8ecf1bdef4e5550976b0b98c406bfd565ab264c992254b962ca8b454cd49c210f76ed0d68b94c28eb94ac0a52e635b9ed3c1b3b6c7175f04366bfee3581513f0cf7d69e274384b6c5b92318622569eda9d2c1fbba5cbc863d9f2c49638f9c7e638597eb650b6449738fd4ef729c2dcd7769037466a0e7f72aca34349587d422f775e665a7637133cf2be59975aba8cb01d07db82b34b54e8ce547fb1f5db2b2d00928448c2a45122dbe4d5d5ea3e8e7e414097024c2441bbb5eabdb3cbcf00919df11ec7f19e950d0177e8cf64e88f74581ba5028054c2ecf2b02aa064389002ca05e780f2b14db182bfe9cb52b74399f2f715a1f2007a461b0ede278d06baa8cf8d399f253a60663351d7fa1db564c992254b962c595069a93647c8e12a03cbae3a505cccc5dc5bcbba77d661f2278de8b0cd3eb5c0b6264e1a6c4d5207f766755c1f23771dca967bdc73d4ed411e1932ef54befccef729a33fd5385131c6540e7b31a81c63da0fc7e8dfd941d3f7dac5e48a76b9d2fb2500d3d1f643d824dbccc065b685a101ea921ab4ffb99f6b7b39f4d9f550cb7737c623615a3a6d4d944e9be3d55812ee5b1d9da3ab80b2fd8a70b90bb7ef5b17237fdd1a2f8fee4894bfee4911c7c339f2e2b1fc5a01b17f80366fd35e9cc3c9199c4f7be6aa84db562e19f2670f2ccb2bb7d665fd63659834fd62bf726d157cbfb8b24287cc01d66fa9254b962c59b264c982cadfb7bad8952f3ad55262fa8b82e5e083a9dd26fbe5c67ced9b2b23fcf264944f8e7c732257e69e2e904de1857224a974636046f94378eec65a20c551772d2fcb51ba6e82f71adbd270690cc7aa257ae91ce60449938df10a329b0104540fdb925069b1275d6edf9721838e664ffabdec3b0c7d797af16969f24388fc69aa8ff45d765a9e99765c9685152dd67b5507eafb536f1d361d6a3899612e6be5a59bbeff79428febfb9d8369ff73929f696ee82fa9dbf7a639debe3b35bbd3ce14ceb5945bb72428a0ec6002caa75d332ecb717ce578817cee575023545e4884cdbfba654b1324df3e7ab866c87c7167a2dc8852603ab81cb304c0ac84a2ac10204b962c59b264c9824a4b3fa3509ad6b9fdba1847b85abfd641573528c481a113b4ac1697d2b11618bb54b0bca47eba2737c77679677f6ac1d7fef9b2f66c817ce29621f5b7a748cbf5b1f2e8b604b91d2e0d2fa9ae3b12647d68a1ec8b2dc9f6482eb3efab9b7425c1a3deb8a303eb8df72eb57d75486e18ef2db64dfa8c42fdb2c1ce34b967574ade8bfb527f57e1261d261cddd90e6591ecf56bd66f4f55984dc7197e1febcf615052800e94c7579fce5b64738e5bf3ec9e947cdbea58b9737b92fc7167b28cc30983b981da89833d31c5f2ad7f9e7cee9d237702d25bec4c95c63b30537223b6f5ca18b12d8fd6b42c7a2b74cdc1254e3c380128e5ae3da9f2e2d1bc6aa0f6bc678e74c43e7e0fe0f2520192f0d7f14096743e98254fc27da4eb681e8dd2784f863c8efbfa9eb874c87ce148ae5a065d7982aaf97d1f9e725c0517b57e7f93da0f1004244d5f5a9961c1a5254b962c59b26441a5a52ba8d65f1dcc6db0e08cd8a605c8073f9e92f6e8957a765d64e1afb43e174bcd343fee688242879f089675864a94f90d68bf16b0b02a5a1a6cc080f9158407f4bbad885210e9e49e296f1c481304e5c81dbaa3c3d2c00d6185b233aa48b28a2bd95737e4e776b1ea8f39f271fd6fbc9caf9b70cccd36f3e41c80ceef3e25f3e5193e7d11f432a0c9eb6b0c875b398c73fd731e07447abee39a26b1d9659290572eef1fcd95e9c1853226a8500e2496c9a1a432d9115128eef12532c5375b2605e429876ed4c902790fdff9689c60f8c82b5b462110e9ebc042f9ee6cb16cc0dc48678cf7f81ea5c6afef4f13d517e91c1bbf302067a29c4b7eeda6ef7f5705dcdc7120b30b8032fb8e3d69f2d8c1ccf3a0f0f5e3f9f2e0b644f9efc18c3abb900fbae75c70c6a6124e78d856c711c2b5edb42a56937382d8d6415b3173138ee47d805196c2be732c4f399566f17efbe5d2c56cbb3f531ac0adb7f5df2b37f6daa21ccb166fad97a63dd6499337d7b22ff5b4f57f80254b962c59b26441a5a52b20243566377d65b54a94349c9c36633c83ae82e09b01b540a0837ed94d7f9e93540ff2b91898da4ce5b375864a848144b3a4b4014a4d8d9ec5ef4f64cbe4635955b791b4291d7e382d9d77a7aadb7fda10233f06e6caea33f912995d6e8d06f9654e4a38da41db79a5d2c3bd320ff63f8c5260cf4c198a84dc755125e29f512e6732cb6545709eec0a2f10f6a9da9ce3e52db8d1afb867c9c813793231a840c69f2a941fce16c9e6e812f931b448860714c87370cafe8bdec1875c33a5195dcbf5f1558e65e3cd89f2e4de54e97128430528d996009c16470420e1f5aa71ca00945bef70491702e56dbb50eeba23596e87eed29ddababa91f6ee639db529e91c54fedceaef22cdde74d61ccbd7d7a8a02304fc385a7f3b962c59b264c9920595967e3ffd94f6d04857f221d36da344b6f3451c4ba74b762a07bab8b4fafea4d800dd2afc03ee6e03004383cd09aa7fb1de8e546934c5571bad30d9471d2cb7c3813a5d9679fed963aceff2b24e30389a20d1c9cea5ee62baed680ad1e125d35e59423d262cb36cc10f81b9c933fd72c427a9444e0320dde0424ec36ddbda381975344b66f8e7ca58389019c59512995ba14a2be938a6e3365dcbed71a5b234a244269f299229703347a30c760c4a62590a3de9047a6a91b43b162719861ec99489786c6564897afd9c20b89b08ad79714fb2dcb4295eb9dd804a283cfe785c51d75fcbb5bcd335cb0140994da0bc4d07cadb0093eca1bc05fbf52d70db1df7a7d70928ffed95f7d380b236c1a1b46d48d45ccce5313f0d205700e2b7a7cad36e59321c2705a6ac3923af0ede2b77bcbb419abc5605942c8795a62fae5866fdad59b264c992254b16545afa6dcba90600e401f87cfd729209220d07b3f3054a4d1d2f02950e7607f85ccedeb69f6c9fd4fcf3dde2c092bad19e621b7558c1e579a577bbd3e46ef4a5bd8bb2ca9187d3ad21edbfdc0908473b00ed96925f3eff33f78c4cba9243a0f9c105320d25ac8b83e0500206e7a34475144a5d098bdea9e54a47128a253aa75cd28b2a24adb0427c138b650f4a60d786e4cbdef852d98af2d60d91c5e29b5a26a351f2da1da5a16fa12cb33be08a7ade355d1e4302eadfa1a7b627c868c0e694c002f908235ffe825e45e562d2b15c02b0fc214c6c0b427ff1930e00cace77eecf1003283befd480f21624bc1a40790b7a855bec4a3daf4fd1becc9565a6b5c121037598e44a409f175aac40fb87f062191b5c8465a3f4754d7c75685c117b7e092c9d4c42264b65edc193cfb1874e2ce30994f0e69554cac5fe7db7d8df3cebd2cdfa3bb264c992254b962ca8b4f4db2e6b3480d11ed24699ca1d9799dc2db3b375a950697ecd2c1d5aab8276f678c485fda1e7e6ec9b7b6e2e6f8a41f30dd0b3557f849bdc80e1ec7f981358da7f7ff2c198ecb2b7adefad56d7d1c15c96da605bb243c7dda9937a1ec92e9a8a12d3f570f7568515c9a233803ea4e98e3f992fbd3cb3e41197b402dbe6a431808c3a397ab6f509635429eaba78690c37b9139c385eefba2f55de3e922d4b0137cb228a655b44916c4339ab777cb12c0a8073b92e56fe8691185b42f26401de7f7b54b10294c9588f0750e2cac4dfbeee19f208667f8ef1489369e8b54412b08c724f937f6126e8703895138e67c908b89f73cf14caa85345f20a426fbaee4a925578bf9e07d3e561f427da96446a8ee5c250b1cd3f1b70493f8853fcbad8269f70b44df275b44df475fc2940d9d90494dd0ea43319587a7b642aa06cbf21f67c88bb80869ec8978370738f02caa985218555304919f79b35f174910cf22f38bfc7f2524a6109949b93cf5b1fba9375814ae39f0596962c59b264c9920595967efb4039c0aecc758c9d93e8a8c32581d3dde4340eb02b95ac4bf9ab3d50ce323961d9a28da1d80a3d27e786da3be9e0f96bcec373ba4680d270146d8db6a78c79d7335beeda9a20ff4179e853fbd2a4114a8aff83cbb118d33201fd8baf622ee1c387b2e42d04e8f44732e87b809e4f364549b3ed00892d4979438e661f02a02c34b427b664e9f307d283009452a58d090a26a9fa5b12a53ffa2819b43334405bdefb00cce77627cb20f7741d54b400a6cf018edd7727ca57e8bffc2ffa2adb6056e21494c87eedad9553da830c4ba03be9fdb5cf6fd1829afe86cf46d7f2f5bdc9cad1ecbc3a525edb1aa7e0f279806bfd3500a839a7e1569e15dbbc10f9606f123fcf4868b059ef6e8f1b6efbfe546a778403d159fd31ac583ec5f65800f76f517889725adfc37b0032636d63bdbb5ca8e4d5004af6fe0e428a2d21deac1981f91785483a9023b11efb12ca6a04c65df165e7a5b412221964c44bf3fde705edd843254b60590a4b67d2fcbc6d299a8b49b793afa903fc72bc4c1394bc62bc8882c87f7db8451e4139ac01950d5912fbc28a59d6efae254b962c59b26441a5a5df36600e83e6d4009706dcf180f0a00906c7d4503e5b9b53b9d8543a3bcc048d7491baea4ee88f267824c8aeb17352bbfd0a30e9f06b81e52b1e59effff360e6cc470e6478fc615f7a3c6025b5dd9eb48ad628016e05b544f9e4bd2e69722bca819b61fc461304d950bcde1a8fb543ffde53003a02d8ff6d89973ebef93208ae577fff42e91f5028fd70d9eb44a12ab5ec01287b1109bbaf7e77428d8ab87ffe296d948712c0718349ebed04a06c83724edbca6826b1aa599e9b420be425805d4380ddf7c710a4b352879895e7a0e6013a8aeabe1871da9fa2d6f3be4d71f2303e0f5380c71fcf960771bb1edccd7a0871b22d09937a8b43a5c3c26069bf009a172437ce0f96d67383e43f78af7f039e07f8e4c963db136536829e867965caad4b0094334fd2ad14db5c9453cf3923f57e389bfed4c618df860bcea4db6605c907706a3f774d95bbb93e584ff6f112921a613bde83409d9701df7db0dc99187d0207536cdf1c954f364456036ecaf150663a81f245a4b8faa4954b6a51a5527c7e850a2bda1aab81e585c08c233c08831ec9e7c3e441f6a99e29568f733c482b803801948ee485c681541321725bca15ebcf6c82ef830164cd47a35c7da67f1550d626db041f5e76b67e6f2d59b264c992250b2a2d5ddb2592ddea08987b451bd361ee49330fa91fa683a301969d4d30e968f73a277d59dd74801ca043a493ae3493d3b60fea6de7a4fe9a699e8ea6cf76c96009186802dd8dd2d38fe1c04de87b2cd7e5c5c3d9e1ff70cbcabbe740a6dc45670bc2c809253a5d63d023c8199d4c3b05442ab535e971f4b4d15dfce8384640a0dff0b523390a22cd6079cb545f75b07ffba4634a7f009cb502643605f0b5415f1f4b566fc55cc4bfa3e49420f6f1b15c693bc6535aa2ccf89999da6b9bcf3da51279cf83ca0de760d2b61a2592aba2a4d16a0d0e0985afef4eaa02c7cf0fa6ca0dab22558f63ab1558d6a270ed31f63d2254e75d9764cdbdc47d2d169e51a0d8614ea074987d52c6ee8d5710ea30ed84345f19218f4d3e26f5c67a21e195cbc372964756bd4f3dce108523596f6680761f9e73cbd823f2e0042fc1ac510d2ae156122a6db3e15e7e1f2cb6ef00ce804adb70373567919f99c9a5b62f0ec88d98bd78d3c7dbc536709f34427ab3ed4b573c3f50016595c6605d461f11db484f69bd3c3c8f33283f3c925d6b1928c1726c60c105218d633cd813493792621891bdfbc8e75cd1e09ecb9003f61123d9dad04d9feea81d2aa7fa8b6dc0be83d66fb1254b962c59b26441a5a5da41ccb186bec4ab51dd74407ac804765d6af94ccb74d7d0ddf4191df592d435fae363f44b33588e315d5f2ce7d264b716945546ed8e2f3b1890515ec19e38a67fb2c470020e9e79404d7da0396801d032e84a3b945da4fa4cc36e17f9de5459e9bf0ee774591a5a14e288111774886c5b93a531408e41329fc339a2a3d59ea9b47011ff82b2529696760100fe11e0f680aefb0092064c52779aa0b2e51e383f0c58d9a0959576c4b21cddb4f254f6d08d00500c4778cd305dc371df50388e5fa2d4f40be813402681b2de96246936c3bfda81fecd98037a93335cc24d092ab593eb7e03aeb7c37d1da13ba6fa4883959172eb345f690eb0bc61a4875c37f7b4341f7ff47cc79240b93c421be301b06cbf3c4c3992add744550122c5b2d7aa92573a95cba2ce01e58c932a48c7697faad40794a28f511a639dd5e30b11b0b3284c7bfebc33f2e4384ff5191a02fe6efcf6985cbf3044ee1ce5a1ee43d92a602fa8ea73da6601fc261cd3fa29871dd24092e5af7cbfdaa07266a0f6f8f400cd891c8fd74ff643b92bae4ff415dbb7481c9e8000a971b87facf739a81ce72d2f233808aea518404927b2a4e21c48625f57f3388df2d776fb322f0a6a865b59935e3f9a77d500a551266b0f95869a6166e57950491007585aff5f58b264c992254b16545aba723d70e6997f03ec2e1d7fa2436704e87433c1a3e34560d8c9cec134d6c370201df47255decf51129cb5b94507c5e7f412d600ddc174d0ef57e5b339a595fbce645544131e8bca45a2f22ad458894c88972c0f3c8e5241fbde336a279c9afd004ea686b29c701bca07870715e50332c75c041407983eb7da8648d2ecf6f2f1fc68025e7df4e751f5e006d211ecb42f5d9ec3d8866f006ad4fc90229975a6306969585111fb0355200c2e07a07cf449cc0be46b1aed4e970f7c0b641c0078b69ebcd91b60c9deb4ce4cecdc9ca4009260d9035048b7899aa06b3c5e374e9701d2634e691aad6b9449f670c1d71b806906cb2f500a79373ecf1f1006d30aa5a12dbe3b597590df1c89ba374ef0969b51da7aff34df6a00d0026ee003004bdbb208b901c14837c331ac0f57b0391c4f02650704cebceb95238db6255795bd36c5f2e82436452f5d8759fed218aed579612f4bf44b82dd343f4df3cea85ec7a600c38600c9416b43b5c7f93cf64002eee892369e05c89b1dacdd3fd54f0340de1ee606e8f395fad09d1c450367d136f4a0262607f7db0b37cc454b7fe5f317842a00545049cdd5debf0a2c75a8a44bdb92ef09086e32dd4feac3d5253835c667fe2b4a6abbe37b6c81f562092ee1f27a7e1638996d518a7b3b7a28679d2aa8713f56e148e8f3ac152899c26ade664c5dbd84209f9f229eec988fc09fbe381171eb81cccb5a561b807e6d6069ef5adabe3ca83e23ae3b5aff0f58b264c992254b16545abafae0748cc92134c0aab6309d9a00d4783ec3721648cd63469cf4b258a344752a14aef761d2a98c66e00e660f7ee39a58169d5c582985706a4a2bce2f050ccda910af947255deb7096324860516a9de3e2738945f056a20c531092c0104944a60a60696bee9e57218af5b0188c3f3b3a12e6637d104942ae067556861dc606ff49da1c4730a60ce09eff1e2b17c79c13b4fe979383f04caee701be90832ed924ee47fe11651ff819e42d8095c4a753fdd431e487f0d989b1152acdc4382a03106e289a3284ddc92aca0928e254b5427e17d27e950690f9635c1a43d509a35e574a16c4262eace188c8ef04e97115ee95570f995ee5c122e5ff50400027e1dd0e77623dcc6a6701e9b0216dbcf0d94bf7e1f200fcef43b0f001ae3f196df1c911be606abdb9fae09950147b2e43d94d77ee08d725be84d5c37a0b2217a1c953b0810a563d91c005b8f5067002235cdafca65b48dd246c510feae1be8220d007ead509afad8da48698251328d08835cde347f0d04679fd2f4ddb9124bb51c96bad2a1e4f2089233f492d7af3db4db742be92eb2d4960ee30877e5665695c0da4325611550d9a4df1e6938789fb471da2c37f6de292dde5a2f0d87ba4a8bb737489b9e5bd4636ad974db0cc712979c41792b46867c7322b746987c7357a23838c7d4eaf45d308195e33f1898739990c9745df3bf3ef82e0996e654591502841337ff4670529d97bd2646cda3b477246ffe606bd577e6d067d7795069fbfaf000ebf7db92254b962c59b2a0d2d2af2f473b75b38348c71ac0d2285b5dac5fd275ec6ef75aa347d21874ffa30e9293e45c62eb18bd1c76afee58c642c9c6016b3e40924069fc8bc0b07b40a6ea2923489e0224a6c1a12458b234d0052997dbe34a55096c4d974ce064892c816c30c0695554893a60279012b400a2458905950322732b9ec381f11b4cf8dc1053ba91259e3cf07d1289a71fc065fb1460391110f71d9cc841802f6a08f489afe630b294b5f3c16ce51cb1bcd5004a032adbedd50ea4d5f30ee52877f21f80c8a78f15c8fd9ef972a747ae06946be35599285dc329678a64f299735069ef4e9aa1f2626039138ee93d788f5b5db3e46e38ae6aeee08a30b97d75a8024b6a2c9e3714db88ef3d04e24cc17a487da503c7509b36938f4b53387266113ae954368773a8c072de296902207de570367a2df3a42f1cda7ed0e7e8e5fbc00e2c1b4fd7a0b1c9ec20550edb0c60d98625b3937ce57a3889d74ff251a5adf5477b5603d8fa5f69cee24d80b50fc60106bf42a9ea0abb64d265a69259b3382684cee5d8a36ad90a420da792fa46ef7504b82a785c18a641ea85a0126e25a1a701fb27a70548437c9e9b7e38236da19b179eae2a81bda9e766f4501e3e0795580f02e5ade857e50cca8e9be2a5235ce2f6e8576d8f92e30e48a46d8f9e52079606d704652c45aeeb888f9a8093c9ad75044e630c082f598a6ddcdf726f86722c97859d1b4fc2312675e9a7640f6a6dfd930de020db97c2aa9e4aacfb5bcb43bc4c2147b3f4245efeed3ec51e64ebf7dd92254b962c59b2a0f237a15b261f77e8302ba01b5226c7b45f1a3a06c994636edd92d00de98e0e57c93a763695ce76ae0130c7985c4bc73aaabb0e8f9374f7b1bbddb226e965ae7424b7ebe5ae2535859210248fc159dc02e7a3a2f21c6c866457c8428c6c2030b2bc958998bccda1edd4241d1c994cfa899f368b8ff0b60620393f4c1bec3e1d0e2153307fd4c73dd02da44bf8995f6121dcc3a08ffc0af3d8d34887a72d7a15f9d897002ebaa0ecd5ecedaf259e72f9eb00a64c437d0865adcd70706ddb98a4394328f9b4874a3a959db0bc3607b2a437008ba5b40ff27d08063cb867b2e6ca587905d0c5f523504e34b9923595bc5e0a548ec19889be87e06cad8dd0dcc11511d2d33559b9a6d3cf54efb754aee549ad6c77905f81f4c6a88ffb50165b8fe5ab5b4ddaa2c687485b946f22695641237b337b03c07be3f223dda1e4754225e50447f74d8c2b31c27a9ad3dd0438dcf22d40cb395e1aa11cb6d9ec40693408213700bb1be0483619b0579a62e66833b881cd016e2d3183946a0517ab55ef5dd214cb68f3d94e359754b98108fdb1adb0d3f2e8735a66927db92d7b23098aecaba45b69864aa4d3b294b71d7413d41640d89269afd89ed72125b625027a083f4db14e04e1c6846d8073638211ee6f0917b3f58f2152ff072c6b75b41ad962002567501a40c9245b0265875511d2010145ed9685d50e689b922e0d26393f729dd61bfb7fd8ffa83f5c6609eba5a6bdaa726a7c8f174a7ae5e3c6739b76d3dc4ce3337c733c7b877d7aee25c800d0c72c00b564c992254b962ca8bceaf4a76f3c57f7c668834f76c6cb501c84bf80f10aaf2e08c459f533f2e5b11cf6f3c9eb9883c7834804ac2cab21a4c7d154525a9393e8540bfcd504780e571840cdebf0b10e8d5feb6ea391c6fab65d3fa2a3e9f37da807f36cd145e0ecca9e498c3a283760d20fe5a9ec8334424af82fab44732e59ba1a8d9eca245ca73b49a09c70fafc797b8448c21e819165b1cb234baa827cdef12da82a357d5bbfced77134c61040d4641de4084c0de028122a39abcffe35b7c095bb170135d7a13c73e0eab3f2f8803dd203a1314d10964380a193331a499d045996e1ce8508b3d4b70041ce759c110c47d02f5f3979c350726a389293ecca5ceda19297134ccf196782cbd13a5c9a8193cbbd506fe5d7ba4b6986ca6f4e9d2b87354a62d703cc0702300770ac88ae7ebee764dcff19009260499792a9b084ca0f7471b40645b0fccfa14c0d2ce150d2e1ac020800a26d15c0676ddc39adb1d3ead8731ab45f1a4d4499ead2480d260dfd14a834c072714475a85c1a21b7029ca94e28573583651b8025d56279b83447c9ebf54c7f45126ebb715ed2063d812d900cdb0aee6b23388e77ef4e911736464b2738923638c0f52103286f597f3e50b6d381b21d469b30cce8428137357e16e5d846ab93163ce9c1f4d8dafa36a9a73cb27fb6401e8e0da9d687fbf6fa0b42a5f1bc1bdfdba8ddeeb5b5ea335d06505e8abe857a432f103e99c46cfd3f67c992254b962c5950f9b309b3d59c6c7df76865713ce8a1cb811238ce541b0b778807f7048b6ff627561d30f120b1d3ce946c0e3cff959266bb9940d11e641d2e522aeb68721fcd6ea6f93e73709091eeeaa65f9e324a5e3183af24a1408346f64ea29f5205ef9ccdd60279c2733488e43f42a427ca5fe962ee40592b618903db07007ab87de94e1a0e25e18f970440388f0ae6f83db0df921046a0a24349083383a62196b3728e1f9db87b3cf25479aa59ad00954d5f59ad7ae71a0cdeaf0e7e591a4aa791a5abafa2df72419806933342ce01251d48c38534cb1e28eda192b7279b9e37fe028ea5d9ad2450dbdf6f002597cb6d6086ca71787c985d8fa52186f96c8c2ed1027d02b4f2588a4e26a1d20046ba929f01263fa56b097d7c34a70a2c7b9a5ccb9e4629ec06cdb1bc0d4e257b23cde0d154efd154e33f6a834a6a95ae9f029535b9953a5436422f6367806317ccf3fc23f400525aef836a024b079407dbb02f3447f04c2bc0618b0d71d20409b9ad10d8d31ad719c6738b0e529d179d5665c504cb9b009804ca0ecee780b2dd4a0d2851e5a07e2b6e86bbd97ed119b9beb6de4a335cb2acd9f82cfa4cc945a145d5e091a5e4e67f46c22c4f04fc1240e9a083626d228cdb27c01aa5af372c0e4df885a0b2ae1a093959a5b7962c59b264c9920595972596e85df7c94e6330b7d20b83f6ca3def6ca81e85cf833c5caa3238049fb0570a0ec5986bf03377b9805b3ac604a84efaed8f75989ca4df0e818e17830f6331d89d43d9d9f348b1c49425afbce4812f0f7403f45e4a82e442bd84b5b69109842dba9414e1ed7b4027efe3ebe8449ac1b13f1d38dc3730a0f03ca8fcd341868da4496794053e8efec8d6ec870460b64102e79d6e39dac13a4a21093cd771fe201d37022580e775002521775688a6192117074b33549ac192323f7f621d4b61098fec273597c11a50b94eef25a546e8db6c829e066b5f026b064b4225b502ae2f7b2eab399680c9cf01927dcdf2d6d4db3b473e0358122e3f8408931feaae251d4da6c2be7430435edc97aa125bcdc13fb5a5821a6a39d25d1a4e3da1f559a2fff2fa79a7b53eca8b41650d6e650394b1f64059ee609f5c9987bed909706b39eaa5c7f1fc2a71fccbdb58f7f7b0cecfbb65ca73ba9e42e96fe72d00c8e927a42982671834d304271d9aa10cd6f685ab5c8f52de1b5e5dadfd16a0a79229b80f034c1fdb85cb1d49e70125c7ac10286f5e7c0e283b2025b63d92776fc2751bd287eb0a752c6f3503254fda98ff7184c9cfe5549ad383ab4e145ca08f9265ae2c77663f65537d7b51eaf75507e5ef4ee66ebccaa0f252cb6ebb40adad83074b962c59b264c982caeafd93537d0be852aa03c611080de97bae57a8214adf1aa14492eed68d7419983a89b4c92680110e6bbf7969a8c335fef93bdbc1a493a97f92a13cb7e9e039492f95ed6af4550214a7322c87fd8e042003e8084ebca4cb1706a792d0c732528af04507d02db94c85f76c44f2ab51924a40e27d0439c3a5a458023b5d073b829901a0bd75579365c93decdccad775b5054c72fcc79d08d6b91f21377f84ee72cfd57ad2082ae8015497804af64db26c94204b07b526a864692e9367eda192afb1772bf91c03420de792dbaa2e3d96eed83e66c792db8c707e0ec00bd57d134de5c3f6732cbf3a591d260d7792cee4428c931804981ce89b27037d34f53f5e1d2cfbe84049f5d1d59bae2580ac17ca5f5fdc1a2f7f5f152e0f2e0951b0d4eec7331a4c2194a60dfa3d3966e4463b87cbace62831b5b13771556c75d5e656d60095f703ea260615c8bfdcb395bbfa2dbebff74e9cdb0f5816cd7dc470c1e97af38447773cd65d874c0d34f3e4258f2cf917e0f2b13d29d27e8a0fd272dd95a37d1300b32192655b2c099596288f7d60e959f9c3b64469020793e365ea033039039427990ca06cab03a5da263a50b6430052bbb941d21efda6edbf0b90367370326353e245c18ea348cc50c9313ce67f4c48e6fdb301d2ea3598277addea286dae681de191cf67bf2421b2792ddf599dddc97ed57b2d1b022ed578170065c3b53191d728505eaaebc97ecf4ed60186254b962c59b2a0f277a4c6c30edd8603be1235dfaef76e7520549f07424c96aca9c7097d5a2dc67955dc32c5e76a05ca2e766ea371bdf31fffefbb2eff797e51f4bb3d9d4b97ac0994f5479365f2fe04997a2859a61f4e9519de1932747da8f41ab2abf4e9ae3fc66ed914bc442fa775d0dd4ace26f0c461ed728fe4f23c82149d4ae3409ec044278de0c5b25482d0323863841e82194b60799d07f88427de269431e1d50c92844406f710ca581ecbe713068cc7e95ad2a91ba83ff6760d25b0af2ba82890cffd34f5f163988fa67e10cb4667e2bd09bfb37519406986ca59764e25c59999fc8cf66ea521e335e6e4576a2da0d25c0a4b4db04b85c576ad722cf938b7219d5ac39ddc66ea453597be0e3fa98930c91e4f6a2881d25f13fb3fa92180c9c110616c10a092f337fb9b7a2b59daaaca6021f657521fb867c83f7f3825cf2e3e2d43e1047eb82d56fa1f4aabd571e6737a00d25ef6ca95bf202088e5a1cd91347b9e5309b0a453d98029b13f86d5092a1f425fe3626c8faff05918503397ae6490b60f705f20708f0cacae11d82683b1af0ca443eba7e919862f0146ff0e279bf344efc2b8980ee88d6c8752d7b610037c1a6f47af25d46c9ba667a61d57bf0f8d1032a4dc4626eb2e382d0ef382a5357a320da06cb738440165871f4e570125c7b9184049e0ee38c34f3a2008a82300b635ee6b354f1b9dc2b98f0d97475483be61fef9e741251d4a0328a9c7267a5fd419be54d1b13542762ee44e36c0b815b5ee0832b27fbcaaad607144d16f1c282fb5d7d32ab7b564c992254b1654fe16d5fefb934fe02030bb2dfac20898f5bb3b9f3b301a7f4c8d2a400f5ed15d5d173f7415406337fdb24eaf79b5c7aa5104c9614b82e49d751132c42b4b05127d05a8e8b33749fabba69e03028414f5704d9327f6a7cb23e843fbef471b2b77ec3a9b85911dc74f67556c0ccaac88c5c17b198187013a043842989ec05a057574d208404c7935ee2338f20098ef6394ad120608892c65a5f3c9cbbe80835e27ce2f6ba55e8338cae315fdb6d153c9f5e1b209655c8e91284b20a316e86ea911be6304f0d843654d6039a306b0a40369864bde6724d2ced281d2ec5ef23a469d547339791fd7d5703619726438962c7324501ae5b04cd3e5f30896bce4e7b918580eb5034b6a0060f1438f4c79d525455edb992843ddd3e5892d71f2af1d89f22cc6af3c77205d5e4249685704f1386e8a9576008b01780ef797cf7625c89fe0ded9c61cd16001aadf7d9ddcde6b8bdcf39936e89ed7196e45f13ea68076da1caf466fb404a035fc3e509a009cde9ae32f8fa064b45a4fa51d54721ddb6d49947a00d2ffac0e97ef31568530f902e6708e4768cd9893dae7e33e6386c9f77d3527b27b55c96b9e3c8bd7d0d17c0c10c974e0cedb93a4231c464224dd40f6e03681abdd020ea42a65d5a51cbf7571aa1fb3f96b6be4ce2ff64b4bccd76c8cf258078c18693cd5575aa11fb3e51c8c21a13bb9582f770550b6370165bbd92735a09c790e2871624a90342d6dc77a5d14f026b925abfd9b2762f6259455732f5f43a0d8e5c023cb5515405ea0b4f542ee646d65b1aa3f5df5b94696ed8c2e5e6a01a5059e962c59b264c9824a4bd7a8e84cbeffb5ab1afdf097a5219a2ba403816d989bd2b493e88fdb1425bd661c5720e0f0fa1a7550c8835ea6ddbee41c2eafcff0ae30c0ee307a240944f6c0d7cfbf3a0812ae0c581da387cc0cd75dcb217a3f247b237bdbbd8ef0c95253b37bf92ce641fec54b83c9e7719daf21c0d11965192d818d5047d1f93403a50195b581e5ec9fe0561abd92bc7e22bdbc6a340a2193b0c9654dd6e1d18052aee35400e1377e7932da3757b6c594a8e7f03d09972c89e5fa33f8c8004fc2a401a72c3336c0d29c067b1e58e27228e0eb33cf2cf9d6275b5eda91202f6e4f9017a0aeb8febf6df1f234ca579f827aba03205dd3e565f4e3bd0a6751c118b6f15fe704a83023db445f947c9fd4e080658c98d7a8e63bea3dc64f4f3c5a95dc6bac0fb71db74d959b8513341d117ec3a4d4fbf7a4aad09f97dd017608bf69b9234503376a83a67fee4dc17a65c85d78eecbabce8db1e8baf48c721bdfc2fabd0b7064f96e5f3da996bd9e6fa12cf70d8407bd04807c164e247b0cd953abc66ea007b2a391ce5a83ea71b408c7aca024f55ef4e4b22ff7b6ad8972fdca48e51c3e8252db8e9f6c97bb67f9c93d005296bfb237b729ca5e3b8cf7929680ed9680df8e00c80e0b35a0ecf03d1c489493f2efe81c509ea802cab6638f082a25ea0c7f7423579c3d97003b0b9505ed46ba5fb6235993c358ab33097864df64d5eb71dddc3f695ff20a5940f9f381a7516a6bf5785ab264c992250b2a7f0d015206400ebff1cfe93070e0b63d2ff7de8e32bd2469889e29db807d2a3483a2c3c49e51f3c12081f2864fb5d0223e87f7f1e098f3f79e9ae0a9925ce1582ae821444cd7a1d1701d0955ab50e2c9d452966812fa58f2d95bef69334a59799b6e1cdd483a8d2c7765b96ab7e3050abe0c387dfa58f572d6ae78fc45e8093895742ce9e0112829beaf01950658d225ad0b54fe14b034a0d27c3f5338f97abe37af73bd8cd77e7b325f1605e6ca978733e40b68d4914c19ec9121537c7364825fae0247b8c055efc9e0232e9f0147dcaef6c9b0660d81bbfc1920acc7ee24e90ebdbe2b515e835eddc9cb24f9188fbd8cfb5f8503f926a091db93e048078f0136ecb37c1bbd921f01d0faa004d6c90dae1dfa076da30ea3cfd85d6c03f7d5193ab85f55055b5103f7abfb3bc29163900d4b619f8423fa0ae680f638aa25ca724489a1f72186ff500cd431c3cf1bfb52aa4277dec0f3ba0320df0408bf0c887c1efa07dcf53f011eef80334a17f27e5cb6d1437458d2ca52d626507326bbea50c8bf0d05b3086eaa87dec2eb57699079f3da6869fae3596981b99b74221fdd9d2cf72194a729b68b51fe5a0fe9b04dd06b79e3c463d21c2145cd018dcde042b6a62b392f48dacdd1ca5d9bd621b4e86a105d65d53bc92a0d5d1c1d72f3c7db949b795e680f1ee789876aa3444ca3436c2ba2f32cf8fbd534cb723b2d59b264c99205953f3f5476f98d7e3623cd550173d7d7962dfbd3b823da811e4bd128041135d49d855be048bedc472b5b6c84de36db7a1c68cf3fa34080c079e37b9be0ba04ab24cbc746bb895b52a9cc0c29aa9a0f6924b2d26d644fa0018084462360862e1e218dcf795b0748031259b6c87e4c3a8f7422098cc6320853e6c45702e6235e1a4c122e99324b6d02b8d1d55c12511d280db7b2b61258f30cca0b41a57d192ce171bebe2c3e663f7684f7735e27fbdde832ee8f2f95afbd32653820925039d4334381e5ac805c99e99bad1e9bee9325f3fcb26518ee5f7c3247160703404fe5c957988fca19a95f786bea7738533e399826bd00574ed0fb2ec9f22ef4f6de64796b4fb2f4d8a341e59bb8fde6a10c7903d0687680e96e76375c3ef6599ac68ab4da95aa92533f464fe5b36bc2a521124fd5a81d3a4ea38f540387e5ee89f2e53cbf6af7ddd4734bd5c896e618a7611be75d157ac5fd8827279884ca511b863bf8319cd4273dd0db0857912ee9fb47cf89504947b395a917f393dd09f2241cc3760046dbceb4dac367f0d89b705ff91e7c2e4b5a55288e11cca47afc22352d47722c82851a2d0b5780d87c5188de27794a95b432bc8689ad4f1ec850a3475ab18c17e5affc5cd7f7dfabfa295b22b48be0e980e737c74c4b822761ab23d26409951d67fa2957f25a00cbba88e069ef4e562b7785e0e6065960774d25da5a733c2d59b264e9372006c56d8e2e5ebe2aa2e8710b2a2d5d6a7aab3153f2bcc7078f75fdd7bd5feeaf64ef135d4a75e04750a8298068798c76a04ed93dd61a07c73dd04f67c08951e6484771845eee4898228c31adb59fde13c97e36f6ab0d3f91272350f2c934d2c126507c4577270dd82430baa05f8ccbe4e3844c5ea7e3c8e44ec2a4d15746310468a92e3a95f66049b0b387ca4bedada4d34aa0e4752e8300c9d77039e67e4b5e3796c1f79c8bfe3fbfe41239935e26bbc30b6438e0718a7faeeafde367e0bab3e495ee646066b94a7c754b2895d5a1e829053cf645104e6f00e467d0a7e879fd18fae840aa7cb83f453e800896efe3f6fb70157b00c0baeb0ea4116444e773880eed4302ce8d1b61f9ed1c9c18301261871ecf91c63bb4b99e2a3516df1fd7bf3d00908e354f485485571130fbee390f2678028227225a22e8c6004bdbb7c755a895edc770690c30636232d35e1966f31800ad1b4a5c35372b4a5e43492efb3cef3b94ad1c47032c9d762654839967f492d62e288b2530d285e428112385b5255cd0bf6c88917f23c1d586dbaa5f7389dd7e4e905c022d4359eb9230059104c23fc05d64696b950b07987540bf645b388f8d9686c9d3f81e0cfd1b7a0a7dc75d36c74aebd1ee72e327dba4f9dbeb34bdb50e100de81ab057fe8070a307d6452bb844cab42a7965996c9d010ea5a5adfaecba74f03397a75ec26bd85749b7b2b6becb667a9f7913bd3cfebc914bd4b2e8d26b786c8825abc4d692254b96ae49906402f9dac8a2c33be34abeb49c4a4b97e2463a196ea4dd4e75b77ef6b9eac060b64fa64fa7a1fba5dd386dc66643b8460c215290c0112af67089a1f1aa876eb2af1a2f70cfc03daa54958e2096a7fa0579dbdc43c7fb095d3525813a7ae72b00ebad83e60727ce1ffb4058fc9fee561a013c844242e2143d8087b32e57e8233d2896d8724407d78bb7099666a8a47b595b6f259f67064b3e8f90ba1b106a38a0065412f60c809caff74d1a8fd14d6589abb13c2e8befbd2f1a29b8e87d5b783257fc52cb545a6704ca86e9cc7ae273f0ba6fba366f30b3b8522df32340b5930fe74616c87b2c49d5019c0e2f03908c9e4c7e6ebe0f4b6309e2e6be530326f9189f67f45d8e30f55d1ae34608964c7bb56d4f953bd13fc8ef87cbe558179629f771495209a64de140d2a9ac6f72a694f38d92d85a13926bd2bc3372c36cddc95a1189d2df54f9eb8668f4ecc2415c17afddbf325a3ab16c15ebc3dec8d7b6c529a0a15b694e8f6dbb2cb4ca916cb0215e9aaf8996561865529fa13e4c65a51bc9f9952bb84cf44b420dd0177903e0502b69d59cc556537ce585c9ded267bebffc1780686cc74796a3a4158e633b00a5035ccb1b7f3c2dffd581f2effb53e5ff2840fd3f01f5ff06ecf784c34c27937a1c7a0261474fb8a4caa348be7d187a07e07fef8a30b90565b2b77ceb2d1d261c955648bebde112fa290997cd4ce16197ab26f83ed94b6924b7d60892788ce5afc66b9adbbd7f3598843e389496139c5516578ba270f2e424e6d71ef44d2fdb6001db6faec4d61aa162c992254bbf2c48dead9ffc5b4898dc175fb2f4d73e01687d31d7861b3946bfac69a77a41ffcfbdea3f7ba6b446e555f8630c4769771f06afe42b37e8f69187543225dd88a62fad940638b06cf0f60669d063bd3444b95ec38fe168e2b19be06cfee5eb430a4898a63a3da4b8d6f11186e8bc199a6002cef1981db80b81343f60362281d44870355c4aba9146af24836a18464377708d497421098984b82d7ae2ea725d66b77249c4f96ea57d092c21d0702b09695ca76dbaf349a8dca983252fe99af23586836900a751764be0e43ab17f92cf3d82db5ba3b0dcd002d91e5e288700685925e7e60a12200994fc17027792db852eae7b62a99ae9c900a484824a89cf0774a274d62ba54c7dbe1fb00ebde0fab6849b48e7f75d40277b51e9f012389f47e928218ba5a4469fa539cc6784698ee5e0139c4999239303b5d98c9311d2f43cdcbfe1185bf127cf3c05f1fc0e98b0fb02ca67db723c064e4834c2fe518ffb07039e4c658e356a01a06f12027ec61e151be0e416b8737b4e65abef66d4c9fca271feb9a51d76c2495c1e29ad36c6ca20f754b99549ac3b75f772758cdc8a3edeff20adf5bee9be6a1e66d7c3d972db9e34698dbe45e524b2d7137d90aa2f724b9252030401d9d6c648bd55e74a5ad52ccc85589fd9c15ac0d0cc406ddda607c8f59839ab7a0901accd009b1d26784bcbd19ed206a1562c7b6df11dfb244fc83fe098de85f2e23648c87d00e5c59f78a4cb902318f5e19d89cb4cf9e678b6fc078f3d831ed65e00c847f7a6ca13db1315d436449f6653002fd76d38c2991e005cb6c5f66cf38da79ae3c959987cffc6c30f5d12649ac18f7fcf844e3a8d55421f24efa76aea87ac0d5ccd1069c0a7f93e15c233d5bfdaf7dd656752816772699ca1a329a571be69a591fe1965a1419965e11700cd2a9dcc2c3f8a72f12516a8fd264b6c5fb04a6c2d59b264e9ca3992fc7ddd9f50b276657881efd698e25dfc9db57a2a2dd5a601ba2359d30ed5dade8da40025bb130b2aa38ea59685b82696240cf4cf2fed81f1116f21c485204747ead9a379d5525abb22819307bf8fae895089962cc7a4f34508a3630557a16a74059d32374093018bf3f45e4233589a1fa703c9b45696c3f236618ec9af5cde8080ea69af7c3f8ed320ac711d08956beda0d2004bb3533939305ffa1ecd9181f89c9cbf38089f95232756a284747d44b102b24be9ade473b85c55beaa97c61284b69a60728b0ea1aa5f325183ca1db125b2250c2e6422c281220a653b607117ee272402f0a5a85ccefbc7fb187c4488e4fb703b10e8b86e843a435c06df93a5bc8457c2f9db47b295bec467e636f906a3353e41c88e7d988f0196037c72733ef4ccf0f8c033c3654a408ed79290fcd0257052a7c049fdea7856c95024c47e84fec52efb336408fa2adb1fc8920908105201369b006cab62d0271951a97a140998bd51920970a96fe75c29077334dcab61ee2acce68dd97e6abb70fb71be223f2fe041053b8d0a2aacd815539cd5dd33b3ccb6894e254a5211e44398fc3b0277d45c4ac0e5ed70326f475faf013e1da7f94aa7fd99d20e807de3a6eae33ffe8600a066cb50a23b1fa5bb734e6b5a02877216ca6f67f84b8be90cd109947bbf3daacdc9442f24ef6b3ed24341aa5a3e02859a0c43222a9256a9bfc3c1ec733433f5cbe35971f69a1194977a003db3dd90aa7beb168027ca773b63de25fb473fc3a81eaed30b48da6db93242051fb5fa78bbbcb43f4d9ccfe6978e3a945c7cffb7472b09944d87bb29a06c88f7afffa5abd41f829e66c062a3812ed20465b4cdfa6970d812db14638da4cd673be5a64f7628706cf72121728bdc84efc3018f9bcb590da8a458024fd85449af0cd8b9c0fc498224976d7e0ecb9b4d89ae4aedb72566ef8e2d8eda115314672fde7f28b124ce0c9b3f455e00d463a9a571c7534b238ea7969d868e429e38e1b2d60236abc4d692254b967e4f2049ed8c2dde3af74c5e0480d25dbfffaa3961677d6157871cf592d6dadcc8a7ecdd4804e0ec8aca2b8f8bc92b4fc34157c2baa8e2d42f4fe6171322a9b711f0424d45e04b6f04b1d0d1b90707bd0f1fc953a06184e23049f3cf1828df133d6dbc4d604b87a3565856a99c3b03125952c9f978742e79ddb8ff753d74e7757dd407ef234c9a6193f7130e19b6c31120ec8ffc482fdbe4e30774a0e463ced1e7c0b226a8a4fe8df9991c11f1bf8399d28223299ce3a4f1fa38156433f258b6bcbb5febb99b0c305a1d515cad0cd6702acd604957d380c99a7a2e0de834ca5b0d1774c15924e006e4c9546812c484d70dd1da63ec5ddc8bed9503a7320ffa1130b81aef41a7d21be5c219d8c6eca56459ef41dde964c00fc1cb802f26ed122ae7ead049fde570aeb4d88b7456c8b63545411f837658924ca83483e5177ef9e90449ea5bbfac90b3d915e283725cbe27b731e10ea5af79f7ee4f4b7ad23523bbab5b4649a73d29e58fb8a4567ce49e5e3ede272b7fe2b1cc52eff862b54eb17050e9a8f2726348be0c7549949e9ba2e5ad8d51d27f4bb4fc78344d39b37c9ceb1e8ee7d275e56b09c52c99268c1b6e2d4f5a8c3f5550d0d333c3b5c7e1ccdcfa5b34b8bc6e4da4dcbd4f1b73d21edff3bf71f2e31f6e59d21a2e7b359792fdbfba533919606c5b13ab9c4adbea686986d09d7b516eca32562524b1de89d2d32ae802c435472aeb9d7a8f234b52db2f3b2b2d47ba499bb19ed269ea71e9ea965ef6ee610dc6edf5d1918c83fdbd338f6e8e282a5f73265f25d5beed992d4db0ac477a6e92b70e6aa1410cc0ea35f1880c5a724a1ec7fe8a312ae5f34fe5652e08cecb1a7d223bc725a6a868fede988a5623dc2a09940d6b04cadd0a28e924f252551a2024a809c091cf6d38d4b556f7b1ae6342da625c8a9a5579119004ec577c7e24337d4d44619ca15d712521f84f2e02674b23374415c5ad8d3cf79859ce9185d19b638acfee8e2b09de9f501aea9674f9d059138412407dd3ca7c2d60b34a6c2d59b264e9b70092141dc9ef4fe7452f3c5b60fcff76d5257b5b5fded5b933b5d6ff23adda9970667e035cc8c0d09cf2a4a8dcf2ac2a883c962b034fe4c834c0237636990d7d179427e3fd72943ef7ad9e00da666fba74849b320fcfa113b532b4a85a7f238123af541b1dc29252421f7bfb18bef2a4777558344259cc62dfa0315b91e5998fa28c72a1ee7612cae852d20d35dc52c214418f7d93eba2cf81654d6e2581f2e34d519a8bb55d03c707d6c728f13a43603aa18492ebd109e324388ff13b94792e072cb2ef93d048f79280c365f3f3cdc27a3e0d60e17a1b6349de44d9e71b280dad092c099d3f32f935285f66a074f4fb53f9320d013c13830b55d9af4b9cd6ff190280db1489becbe862590ca01c0207f58f9899c86510a2e980729d4e6569a0c6e5f7d3676f1a3340b99d789bf0c5cb497a59318171056edfb91750b53e41fe88525242a5192cbff4cb3dfef9d1cc9586e663bff8f8408a4c082a50e5ccc311d2d3c925bdf21d04e2fc00387e113d8c1f018c6c9b12f246f86487f8a694c416c34dcdc7c905baaa8460c2a221f686f23be336e5f7cdef9197bc8f9f8b9f892721789d97fc0c7cec789a564eddd7349b145058f2867b9aebfb9e195eaf79c0b9c4c80f06e934c2f74a3063800fd7f36904f5fc15dbf0198c23791daefb53b8fd0c809349b13723a4a721ca5d1b032659cada142e6457e748797b5d44558a2b477e749de1237d979f96c65fb94a8bafdda40340926a3ae2104274dca533e66e3e8b7ec957dcd3136a8249b3067a67858c4282ef271e5af0d0cd082a6a81145d86283155963da2b635318064edb2f5fae88ade4732fc0678679edc1a5998e4165f9c3def545e0a96a10073675461f9bc4309950f8f3f5269064a07c0241d4a5ef23e26f3d2cdb41f07423792c9ac4dec9259d56db89384468269532c43399180c9f39c66bbd2560324bb1d484baf09147f0ead8b2a8ad812531202f80c754d28893e7c19f0499713a07912bf9f078fa4946dc5e50a0bd47eb325b6775b25b6962c59fa2df4489a8514d7a384c9ef4ee787b82795b24da4b73552c4d2c576a62ee69d89073f47924b8ff2c0282cbb3cd33ba52c73c4c9bc7cba8fe3319a6256705ee51c80c2f7c1b9f21d807292bf0691533092624e709e2c849334ec647e35a024a41078789de042c7d2fc38a11225b40a9ce8943109b42670a4d873c7e7d5f4d8ffc1a9243cfee948beeae563ff1fa1cd088f213432188600c7bec60d3a54ae8fbeb85b3911012fb6c170507060dd1807cbf518e08279810d36274a030caae70174d3b15e521f30d2096ed79b87b3d4f2e90ef2fd09b846592c751f9ef30fb87f3de1327547df624faceb74002281fb5394841a60a9027e00508bce14c892b35877dc370b503927b84095a5b22496cbe7f6e56df457563e8db99093f11d8c441fe35f0e65a9711ec6c8157e763a8584cc31fa362138b2e4d508dfe1ede8bc0a75fb35bd17953d948437c2daa02359aa57cf09ce2cb71dc7ba5073ce14a4ee89290aa2b64416f8ef882e3c7920aee8f4b6a8c2e84567f333dff2ca4affd237cbf539b7f48a19a7501e8d39960fc0ad1eec9951c213166e09c519ecffcc29d5940df79150c8130d8447f69bf2fd0c08e7bafb609d789b977c2ecb82e9c4d21ddda53fdf105d6963df631f28b78d6d4d5c9e016bfdbcb3cebe0a50fbf7a14cb9f540a60cc48911c2344ba9b92d789283df8779e40c4f6074c2731fc52cc9e77e0c96de1b2200917ed212e5b2ada61c97decb4e2190c74f6e99e025ede6637ee4f701d21865ae4d871f94bb11d6f3e40694aaba6714be7538c3ff623049f5f6caf42250f6764dc6098c58b917732cff8699a01dd746a2f435415edc162b033dd3c571538c38fc102c370edc2bf5b726c863fbd3523de28b125de38ad2fb7865787c753c33e8cb6399feebc20a0a4ea595166099e1634e64c7e0bec04fbd320fbfe11c16f1e4c4a3250446ba89ed3fd24a5e6feab54595b2b67e7f9338207db7e53b1b54ef63d31eebb4f9910046a6b472f447d39757690ee48b2bab07ed3009ba26885caa7a400bbe389e9534392837ae2e9a02e137296e715861f8caf0a2d035914591571a36f19fe98a8389255b4d25b6e108260845b9ff4f024fba9ae8fbbc60cf27c3850232ca0f235c68abd5f379cd6aa455626bc992a5abf4d8ffbc5c147b989c16941ba5c3e4acabfd37ccfa527fbd1da989fe1f5d951389831c5fe3802734bb3c7d5168616eafe339e53a440a2172de19386fe853738e2c12cca1914d481a9d8ffb1684e4c98ab0023c5620b3518ef7a99eb0fa22e6f53dba3e5aba61f6e05d4be1ca2c3c2ded10be4257affdaa4879103d6b7fc388068e6be0f3193e43f78ca32e080c8403b33b49d061892c4188c9ae2c63b5874a3a6904c9f57a892541873040f818a5976632e866a30e942cffbc18549ac192a9aaad71606d1b8e3248, '\"Mempermudah akses masyarakat dalam mendapatkan informasi penjualan gas dan galon serta menjadi agen gas galon dengan mudah\"', '1. Mempermudah seluruh kebutuhan masyarakat dalam mencari galon dan gas lpg\r\n\r\n2. Menyampaikan informasi tentang syarat menjadi agen gas dan galon', 'masih belum');

-- --------------------------------------------------------

--
-- Table structure for table `tb_contact_us`
--

CREATE TABLE `tb_contact_us` (
  `id_contact_us` int(1) NOT NULL,
  `wa` varchar(25) NOT NULL,
  `email` varchar(30) NOT NULL,
  `fb` varchar(50) NOT NULL,
  `ig` varchar(50) NOT NULL,
  `yt` varchar(50) NOT NULL
) ENGINE=InnoDB DEFAULT CHARSET=utf8mb4;

-- --------------------------------------------------------

--
-- Table structure for table `tb_gasgalon`
--

CREATE TABLE `tb_gasgalon` (
  `id_gasgalon` int(4) NOT NULL,
  `nama_produk` varchar(30) NOT NULL,
  `gambar` blob NOT NULL
) ENGINE=InnoDB DEFAULT CHARSET=utf8mb4;

-- --------------------------------------------------------

--
-- Table structure for table `tb_profile`
--

CREATE TABLE `tb_profile` (
  `id_profile` int(11) NOT NULL,
  `nama` varchar(29) NOT NULL,
  `alamat` varchar(300) NOT NULL,
  `pimpinan` varchar(20) NOT NULL,
  `tanggal_berdiri` varchar(20) NOT NULL,
  `bidang` varchar(50) NOT NULL,
  `situs` varchar(30) NOT NULL
) ENGINE=InnoDB DEFAULT CHARSET=utf8mb4;

--
-- Dumping data for table `tb_profile`
--

INSERT INTO `tb_profile` (`id_profile`, `nama`, `alamat`, `pimpinan`, `tanggal_berdiri`, `bidang`, `situs`) VALUES
(1, 'Antar Galon dan Gas LPG', 'Magelang', 'Maria Yunike', '19-10-2020', 'Perdagangan', 'AntarGalon.com');

-- --------------------------------------------------------

--
-- Table structure for table `user`
--

CREATE TABLE `user` (
  `id` int(11) NOT NULL,
  `nama` varchar(50) NOT NULL,
  `username` varchar(30) NOT NULL,
  `email` varchar(50) NOT NULL,
  `password` varchar(50) NOT NULL
) ENGINE=InnoDB DEFAULT CHARSET=utf8mb4;

--
-- Dumping data for table `user`
--

INSERT INTO `user` (`id`, `nama`, `username`, `email`, `password`) VALUES
(1, 'Admin', 'admin', 'admin@gmail.com', '12345678'),
(2, 'user', 'Gas Galon', 'user@gmail.com', 'user');

--
-- Indexes for dumped tables
--

--
-- Indexes for table `agen_galon`
--
ALTER TABLE `agen_galon`
  ADD PRIMARY KEY (`id`),
  ADD KEY `foreign_kota` (`id_kota`);

--
-- Indexes for table `faq`
--
ALTER TABLE `faq`
  ADD PRIMARY KEY (`id_faq`);

--
-- Indexes for table `kota`
--
ALTER TABLE `kota`
  ADD PRIMARY KEY (`id`);

--
-- Indexes for table `produk_elpiji`
--
ALTER TABLE `produk_elpiji`
  ADD PRIMARY KEY (`id`),
  ADD KEY `fk_agen_elpiji` (`id_agen`);

--
-- Indexes for table `produk_galon`
--
ALTER TABLE `produk_galon`
  ADD PRIMARY KEY (`id`),
  ADD KEY `foreign_agen` (`id_agen`);

--
-- Indexes for table `provinsi`
--
ALTER TABLE `provinsi`
  ADD PRIMARY KEY (`id`);

--
-- Indexes for table `tb_about_us`
--
ALTER TABLE `tb_about_us`
  ADD PRIMARY KEY (`id_about_us`);

--
-- Indexes for table `tb_contact_us`
--
ALTER TABLE `tb_contact_us`
  ADD PRIMARY KEY (`id_contact_us`);

--
-- Indexes for table `tb_gasgalon`
--
ALTER TABLE `tb_gasgalon`
  ADD PRIMARY KEY (`id_gasgalon`);

--
-- Indexes for table `tb_profile`
--
ALTER TABLE `tb_profile`
  ADD PRIMARY KEY (`id_profile`);

--
-- Indexes for table `user`
--
ALTER TABLE `user`
  ADD PRIMARY KEY (`id`);

--
-- AUTO_INCREMENT for dumped tables
--

--
-- AUTO_INCREMENT for table `agen_galon`
--
ALTER TABLE `agen_galon`
  MODIFY `id` int(11) NOT NULL AUTO_INCREMENT, AUTO_INCREMENT=2;

--
-- AUTO_INCREMENT for table `faq`
--
ALTER TABLE `faq`
  MODIFY `id_faq` int(11) NOT NULL AUTO_INCREMENT, AUTO_INCREMENT=15;

--
-- AUTO_INCREMENT for table `produk_elpiji`
--
ALTER TABLE `produk_elpiji`
  MODIFY `id` int(11) NOT NULL AUTO_INCREMENT, AUTO_INCREMENT=2;

--
-- AUTO_INCREMENT for table `produk_galon`
--
ALTER TABLE `produk_galon`
  MODIFY `id` int(11) NOT NULL AUTO_INCREMENT, AUTO_INCREMENT=2;

--
-- AUTO_INCREMENT for table `provinsi`
--
ALTER TABLE `provinsi`
  MODIFY `id` int(2) NOT NULL AUTO_INCREMENT, AUTO_INCREMENT=93;

--
-- AUTO_INCREMENT for table `tb_about_us`
--
ALTER TABLE `tb_about_us`
  MODIFY `id_about_us` int(11) NOT NULL AUTO_INCREMENT, AUTO_INCREMENT=2;

--
-- AUTO_INCREMENT for table `tb_contact_us`
--
ALTER TABLE `tb_contact_us`
  MODIFY `id_contact_us` int(1) NOT NULL AUTO_INCREMENT;

--
-- AUTO_INCREMENT for table `tb_gasgalon`
--
ALTER TABLE `tb_gasgalon`
  MODIFY `id_gasgalon` int(4) NOT NULL AUTO_INCREMENT;

--
-- AUTO_INCREMENT for table `tb_profile`
--
ALTER TABLE `tb_profile`
  MODIFY `id_profile` int(11) NOT NULL AUTO_INCREMENT, AUTO_INCREMENT=2;

--
-- AUTO_INCREMENT for table `user`
--
ALTER TABLE `user`
  MODIFY `id` int(11) NOT NULL AUTO_INCREMENT, AUTO_INCREMENT=3;
COMMIT;

/*!40101 SET CHARACTER_SET_CLIENT=@OLD_CHARACTER_SET_CLIENT */;
/*!40101 SET CHARACTER_SET_RESULTS=@OLD_CHARACTER_SET_RESULTS */;
/*!40101 SET COLLATION_CONNECTION=@OLD_COLLATION_CONNECTION */;
